Date,Open,High,Low,Close,Adj Close,Volume
07-12-2017,775,807,773.599976,800.599976,779.248596,2085106
08-12-2017,795.25,821.349976,795.25,810.950012,789.322693,2844071
11-12-2017,813,824.950012,811,820.599976,798.71521,1788914
12-12-2017,820.25,831.599976,814.200012,822.400024,800.467285,2325014
13-12-2017,821.5,844.25,811.849976,818.950012,797.109192,3127944
14-12-2017,820,828,805.099976,816.25,794.481262,3020320
15-12-2017,826.25,836,818.5,832.849976,810.63855,2015120
18-12-2017,830,846.349976,802,840.099976,817.695129,1698653
19-12-2017,845,871,843.099976,868.349976,845.191772,3308280
20-12-2017,869.349976,872,861.299988,862.950012,839.935791,1105619
21-12-2017,862.900024,866.450012,854.950012,858.450012,835.555847,897152
22-12-2017,859,868.599976,853.900024,856.849976,833.998413,1381784
26-12-2017,857,863.900024,852.549988,854.799988,832.003113,1467917
27-12-2017,856.400024,860.200012,842,849.049988,826.406494,735296
28-12-2017,849.849976,856.349976,840.599976,851.700012,828.985779,980277
29-12-2017,854.5,863.75,851.400024,858.150024,835.263855,1245513
01-01-2018,857.700012,862.049988,851.049988,852.450012,829.715881,472607
02-01-2018,854.099976,858.450012,840.599976,845.150024,822.610474,1181949
03-01-2018,863.900024,869.400024,853,856.299988,833.463196,2606556
04-01-2018,864.400024,897.450012,853.099976,892.900024,869.087036,3028931
05-01-2018,895,913.950012,893.5,909.700012,885.439026,4036882
08-01-2018,911,930,906.75,926.099976,901.401611,2112170
09-01-2018,925,938.5,917.25,932.950012,908.069031,2419079
10-01-2018,932.5,935.400024,911.900024,917.599976,893.128296,1605433
11-01-2018,916.900024,917.700012,903.299988,906.900024,882.713684,1597329
12-01-2018,906,917.400024,892.450012,903.799988,879.696289,1874518
15-01-2018,909,921.900024,897.700012,918.25,893.760925,2195562
16-01-2018,927,927.5,882.599976,889.400024,865.680481,2383484
17-01-2018,892.799988,895.549988,862.5,893.099976,869.281677,2553841
18-01-2018,897.75,903.599976,875,885.849976,862.224976,1285534
19-01-2018,879.099976,897.549988,879.099976,891.450012,867.675781,1483177
22-01-2018,890,912,887.099976,909.75,885.487732,1495629
23-01-2018,910.700012,914.700012,898.299988,905.700012,881.545715,1747166
24-01-2018,905.700012,909.25,881,886.900024,863.247131,1109233
25-01-2018,882,905.299988,876.75,884.099976,860.52179,3104669
29-01-2018,887.400024,901.5,880.5,896.200012,872.299072,1151570
30-01-2018,899.25,911.599976,878.349976,884.150024,860.570374,2101888
31-01-2018,883,884.950012,859.400024,869.549988,846.359802,1431670
01-02-2018,877.5,879.099976,812.75,831,808.838013,6097492
02-02-2018,810,849.75,784.150024,822.200012,800.272583,8088986
05-02-2018,810,816.75,795.200012,802.299988,780.903259,3079541
06-02-2018,765,788.400024,752.700012,782.650024,761.777344,3188895
07-02-2018,785,801,780,783.650024,762.750793,2686877
08-02-2018,785.099976,808.900024,780.799988,800.75,779.394592,2219546
09-02-2018,790.099976,804,783.049988,796.799988,775.550049,1564899
12-02-2018,803,812.799988,796.549988,809.049988,787.473267,2067452
14-02-2018,814,825.900024,809.099976,813.700012,791.999268,2154852
15-02-2018,822.700012,823.299988,800,814.849976,793.118591,2225089
16-02-2018,820,826.900024,798.650024,803.200012,781.779297,1698333
19-02-2018,805,809,790,803.950012,782.509338,1699508
20-02-2018,803.950012,837.900024,797.650024,832.25,810.054626,3881439
21-02-2018,837.950012,841.5,818.75,822.900024,800.953918,2067029
22-02-2018,825,836,814.049988,817.5,795.697998,3244314
23-02-2018,822.200012,823.599976,810.25,814.200012,792.485962,2446637
26-02-2018,819.950012,823.349976,805,819.700012,797.839294,2438241
27-02-2018,825,835.700012,819.25,822.599976,800.661865,2089446
28-02-2018,819.799988,825.900024,810.400024,816.150024,794.383972,1583674
01-03-2018,814,822.299988,808,810.200012,788.59259,975986
05-03-2018,810,814.849976,801,808.900024,787.327271,1262568
06-03-2018,812.5,823.200012,799.049988,807.650024,786.110657,1358775
07-03-2018,806,820.099976,800.200012,814.849976,793.118591,1826249
08-03-2018,820,822.299988,808.049988,817.700012,795.8927,1109489
09-03-2018,820,827.599976,815.5,819.099976,797.255249,1061685
12-03-2018,824,831.599976,822.400024,829.099976,806.988525,1033715
13-03-2018,836,860,830,851.950012,829.229248,2754435
14-03-2018,851,867.849976,849.950012,865,841.931152,1889040
15-03-2018,864.900024,875.75,860,872.5,849.23114,2486538
16-03-2018,879,883.400024,862.099976,879.25,855.801086,2538310
19-03-2018,879.700012,891.849976,864,869,845.824402,2536517
20-03-2018,867,880,860.099976,871.75,848.50116,1985478
21-03-2018,875,884.700012,869.599976,872.25,848.987793,1859947
22-03-2018,873,892,872.25,887.549988,863.879822,3186401
23-03-2018,874.099976,900,872.849976,895.049988,871.179688,4132765
26-03-2018,896.450012,949.799988,896.450012,939.049988,914.006287,5918775
27-03-2018,948.450012,949.5,932.349976,942.400024,917.266968,2756923
28-03-2018,938.200012,964,918,942.299988,917.169556,11431588
02-04-2018,943.099976,948.5,926.299988,944.099976,918.921631,2764385
03-04-2018,944.900024,951.700012,924.549988,931.950012,907.095703,2454365
04-04-2018,939.700012,939.700012,902,904.349976,880.23175,2930774
05-04-2018,915,924,902.650024,920.049988,895.513,4148653
06-04-2018,922,946,908.049988,940.299988,915.222961,2819200
09-04-2018,950,971.799988,947.049988,960.650024,935.030334,5116819
10-04-2018,964.849976,968.900024,953.099976,962.25,936.587524,2434826
11-04-2018,967,981.400024,958.099976,979.950012,953.815552,3452488
12-04-2018,982.25,993,971.349976,976.049988,950.01947,4379096
13-04-2018,986.049988,994.799988,980.5,987.150024,960.823486,3311755
16-04-2018,986,991.900024,973.299988,980.5,954.350891,2247785
17-04-2018,985,999,974.099976,997.599976,970.994751,2983704
18-04-2018,999.700012,999.700012,975.099976,977.099976,951.041443,2621345
19-04-2018,978.5,983,949.200012,952.75,927.341003,3347181
20-04-2018,950,965.400024,947.049988,956.549988,931.03949,2201052
23-04-2018,960,973.200012,948.599976,962.950012,937.268799,2295872
24-04-2018,966,971.299988,954.25,961.950012,936.295532,1473491
25-04-2018,961.75,968,955.099976,960.849976,935.224915,1385599
26-04-2018,963.5,972.450012,955,969.5,943.644226,1859223
27-04-2018,972,978,963.599976,970,944.130859,1049687
30-04-2018,970.5,984.900024,968,981.799988,955.61615,1083840
02-05-2018,981.950012,985.450012,960.400024,964.5,938.777588,1027474
03-05-2018,964.799988,977.75,951,959.349976,933.764954,1585290
04-05-2018,961,966,952.349976,958.099976,932.548218,958663
07-05-2018,962,980.900024,957.299988,968.950012,943.108826,1987395
08-05-2018,978.950012,978.950012,963,968.099976,942.281555,1979745
09-05-2018,974.900024,995.599976,971,985.700012,959.41217,4201827
10-05-2018,991.400024,993.849976,965.549988,973.099976,947.148254,3434978
11-05-2018,990,991.849976,952,956.049988,930.552917,5712581
14-05-2018,960,962,917.049988,920,895.464294,3754208
15-05-2018,925,944.450012,909.25,931,906.171021,3154028
16-05-2018,928,939.5,915.849976,931.150024,906.317017,1923381
17-05-2018,935.849976,949,927.700012,936.5,911.524292,2895005
18-05-2018,937,945.849976,930.299988,939.950012,914.882263,2574768
21-05-2018,940.599976,944.5,912.75,915.25,890.841064,1233987
22-05-2018,915,930.849976,904.049988,914.200012,889.819031,2086584
23-05-2018,914.200012,923,908.099976,920.099976,895.561584,1938630
24-05-2018,923,926.799988,913.950012,921.299988,896.729614,1209456
25-05-2018,923.349976,938.599976,915.099976,924.400024,899.747009,1700500
28-05-2018,928,935.599976,917.5,928.900024,904.127014,1139544
29-05-2018,929,930.5,912,914.5,890.111023,999806
30-05-2018,906,919,897.200012,913.599976,889.234985,1911011
31-05-2018,918.700012,924,890.150024,900.099976,876.094971,4903734
01-06-2018,907.5,912.349976,898,900,875.997742,1392273
04-06-2018,906,907.950012,881.599976,885.349976,861.738464,1529852
05-06-2018,885,886.450012,858.200012,863.950012,840.909119,2948255
06-06-2018,860.099976,904,853.299988,899.450012,875.462341,2854320
07-06-2018,902.099976,906.700012,884.200012,887.150024,863.490417,2875636
08-06-2018,887.150024,898,880.400024,896,872.10437,1672490
11-06-2018,897,914,896,903.349976,879.258362,2032601
12-06-2018,903.450012,911,901.099976,904.700012,880.572327,1426736
13-06-2018,906.700012,926.799988,905,918.150024,893.663757,2933810
14-06-2018,918.150024,921.349976,903.25,905.25,881.107727,2004165
15-06-2018,910.799988,916.900024,898.5,903.450012,879.355713,2364375
18-06-2018,904,905.25,891.700012,897.700012,873.759033,1309586
19-06-2018,896,896.450012,886,889,865.291077,1833168
20-06-2018,892,897,880.5,888.349976,864.658447,1850681
21-06-2018,894,894.799988,866,868.400024,845.240479,1274479
22-06-2018,870.700012,881.75,859,877.549988,854.146484,2183928
25-06-2018,878,885.299988,862,864,840.957764,1217765
26-06-2018,863.900024,874.5,862,872.150024,848.890442,1801638
27-06-2018,872,879.5,867,869.650024,846.457153,2037781
28-06-2018,868,868,830,836.349976,814.045227,9824968
29-06-2018,826.049988,881.799988,826.049988,878.5,855.071106,4960179
02-07-2018,883.099976,906.900024,870.150024,897.400024,873.46698,3353006
03-07-2018,890.200012,902.799988,883.799988,893.200012,869.379028,2770123
04-07-2018,893.25,899.349976,882.5,886.549988,862.906433,1104449
05-07-2018,869.599976,870.75,833.25,838,815.651245,6128988
06-07-2018,838,848.5,813,829.650024,807.523926,6884175
09-07-2018,834.900024,836.299988,817.650024,821.799988,799.883179,4098360
10-07-2018,823,840,822.400024,832.849976,810.63855,2670508
11-07-2018,833.150024,833.150024,805.599976,809.5,787.911255,2909483
12-07-2018,816.349976,823.25,804,808.450012,786.889282,2832418
13-07-2018,813,842,799.650024,838.700012,816.332581,4995028
16-07-2018,839,844.099976,816.099976,831.200012,809.032593,3256321
17-07-2018,831.400024,855.200012,826,845.150024,822.610474,2849218
18-07-2018,848,856.099976,838.099976,846.200012,823.632507,2660188
19-07-2018,851.900024,874.799988,847.049988,869.849976,846.651794,3924410
20-07-2018,869,876.599976,857.400024,860.400024,837.453796,2048572
23-07-2018,859,866,845.200012,858.75,839.506714,1334621
24-07-2018,859,870.900024,851.5,861.650024,842.341858,2015425
25-07-2018,868,871.599976,853,865.900024,846.496582,1453640
26-07-2018,869.950012,869.950012,850.5,854.5,835.35199,1167616
27-07-2018,859.950012,894.5,852.200012,884.099976,864.288635,3210162
30-07-2018,882.799988,903,880.799988,892.049988,872.060547,2418684
31-07-2018,893,914,886.400024,912.349976,891.905579,2165312
01-08-2018,915,920.5,905.299988,917.349976,896.793518,1818993
02-08-2018,915,933.599976,909.25,921.5,900.850586,2313020
03-08-2018,930,942,902.200012,919.200012,898.602051,9358217
06-08-2018,928.700012,939.099976,896.75,901.650024,881.445435,3763151
07-08-2018,904.650024,931.900024,898.700012,927.25,906.471802,4450696
08-08-2018,929.099976,936.5,921,935,914.048096,2163746
09-08-2018,934.799988,934.799988,909.299988,915.299988,894.789551,2536080
10-08-2018,915,932,913,920.099976,899.481995,2105317
13-08-2018,915,924,910.549988,913.650024,893.176575,1316517
14-08-2018,914.200012,927,914.049988,925.599976,904.858765,1404450
16-08-2018,924,929,917,919.450012,898.846497,1196749
17-08-2018,924.900024,945,921.549988,941.549988,920.451233,2697290
20-08-2018,942,943.5,914.150024,921.700012,901.046082,2529831
21-08-2018,924.650024,927.950012,905.799988,916.299988,895.767151,2531200
23-08-2018,925,926.400024,907.099976,911.900024,891.465637,1571386
24-08-2018,912.400024,915.900024,882.5,885.349976,865.510559,3218302
27-08-2018,894,900,887.099976,890.900024,870.93634,1789147
28-08-2018,895,897.75,871.549988,888.299988,868.394592,3563757
29-08-2018,888,895.599976,876.5,882.799988,863.017761,1863018
30-08-2018,884.450012,891,876,878.349976,858.66748,1758855
31-08-2018,881,894.799988,877.099976,891.900024,871.913879,1677232
03-09-2018,896.849976,921.349976,891.150024,912.75,892.296692,4972521
04-09-2018,917,928.400024,877.099976,880.900024,861.1604,3880086
05-09-2018,875.099976,882.400024,851.650024,863.900024,844.541382,2990706
06-09-2018,871,883.5,858.099976,867.150024,847.718506,2399973
07-09-2018,871,876,861.049988,867.450012,848.011719,1297983
10-09-2018,864,868,850,857.549988,838.333557,1576682
11-09-2018,860,860.900024,815.799988,820.75,802.358215,4918816
12-09-2018,817,838.349976,790.150024,826.450012,807.930542,6728840
14-09-2018,838,852,829.25,842.599976,823.718628,3329172
17-09-2018,834.799988,838,816.700012,823.450012,804.997742,2843632
18-09-2018,819,843.950012,818.650024,824.900024,806.415344,3331397
19-09-2018,812.5,829.799988,786.099976,823.599976,805.144409,5347338
21-09-2018,834.200012,836.650024,779.200012,800.599976,782.65979,4259892
24-09-2018,801.799988,805,773.349976,791.099976,773.372681,3244812
25-09-2018,791,814.299988,778.150024,796.849976,778.993835,3150095
26-09-2018,812,820,802.150024,814.700012,796.443848,4080359
27-09-2018,833.599976,843.650024,815.5,821.450012,803.042603,7668506
28-09-2018,823.099976,831.150024,794.349976,805.599976,787.547607,3145969
01-10-2018,800,814.400024,782,809.75,791.604797,2445752
03-10-2018,811.5,813,791.200012,794.5,776.696533,3478716
04-10-2018,785,797.5,760.299988,776.700012,759.29541,4579535
05-10-2018,788.25,815.700012,784,792.099976,774.350342,7398167
08-10-2018,792,819,774.700012,813.549988,795.31958,3961739
09-10-2018,818.950012,820.950012,732.299988,749.5,732.704895,8683946
10-10-2018,746,796.349976,740,788.549988,770.879822,7285084
11-10-2018,764,798,754.549988,778.900024,761.446045,3766505
12-10-2018,784,809.75,777.099976,805.150024,787.107849,4322158
15-10-2018,805.200012,812,788.75,807.200012,789.111938,2234430
16-10-2018,811,819.650024,808,810.599976,792.435608,2347048
17-10-2018,817.099976,823.299988,792.549988,800.099976,782.171021,2975579
19-10-2018,810,810,782.5,788.700012,771.026428,2892515
22-10-2018,793.400024,795.900024,773.200012,774.799988,757.437866,2766247
23-10-2018,771.900024,787,766.150024,778.200012,760.76178,2239883
24-10-2018,785.349976,794.799988,772.25,791.599976,773.861389,2060580
25-10-2018,785,796,777.799988,791.25,773.519287,1681346
26-10-2018,790,820,786.650024,806.900024,788.818604,3738778
29-10-2018,813,834.450012,807.650024,829.75,811.156616,2473393
30-10-2018,829,841.400024,819.400024,830.5,811.889771,1876874
31-10-2018,837.5,847.900024,818.5,844.599976,825.673828,2435865
01-11-2018,844.599976,862.900024,834.400024,854.450012,835.303162,2485725
02-11-2018,860,884,857.900024,871,851.482239,3078543
05-11-2018,870,872.400024,856.549988,863.700012,844.345825,1903690
06-11-2018,869,877.599976,840.200012,846.25,827.286865,2504504
07-11-2018,855,855.950012,847.599976,850.150024,831.099487,331169
09-11-2018,855,865,844,847.650024,828.655518,3528039
12-11-2018,857,901.5,843.200012,894.75,874.699951,13985301
13-11-2018,889.200012,899.650024,879.099976,897.5,877.388367,4432001
14-11-2018,897.049988,897.5,883,892.200012,872.207214,2606605
15-11-2018,892.25,924,889,920.799988,900.166321,4711756
16-11-2018,921,928.700012,912.700012,921.349976,900.703979,2769698
19-11-2018,922,927,915.049988,920.549988,899.921875,2104102
20-11-2018,919,925.200012,908.849976,915.450012,894.936157,1540046
21-11-2018,917.5,929.900024,909.549988,926.549988,905.787415,1855760
22-11-2018,929,933.400024,911.799988,915.75,895.229431,1617491
26-11-2018,913.099976,920.5,892.599976,916.400024,895.864929,2116814
27-11-2018,914,918,906,914.299988,893.81189,1126278
28-11-2018,916,931,915,922.950012,902.268127,2434110
29-11-2018,929.049988,933.900024,913,931.400024,910.528748,1991914
30-11-2018,929.950012,931,918,927.099976,906.325073,2738673
03-12-2018,932.549988,939.799988,920.5,936.25,915.270142,2044427
04-12-2018,935,940.150024,921.5,923.799988,903.099121,1424621
05-12-2018,921,925.650024,901.549988,920.25,899.628601,3020688
06-12-2018,913,920,902,905.75,885.453552,1425935
07-12-2018,911,921.450012,893.299988,916.599976,896.060303,2750589
10-12-2018,905,916,898,907.099976,886.773315,1508069
11-12-2018,899,936.950012,894.150024,933.150024,912.239563,2792386
12-12-2018,937.5,938.099976,921,929.950012,909.111267,3256275
13-12-2018,932.099976,961.25,924.25,944.150024,922.993042,4821052
14-12-2018,943.650024,951.700012,928.450012,931.5,910.626526,2558651
17-12-2018,931.75,937.200012,925.400024,935.299988,914.34137,2284630
18-12-2018,932.5,938.75,930.799988,933,912.092896,2222788
19-12-2018,933.099976,941.549988,927.5,929.200012,908.378113,2237859
20-12-2018,928,933,922.200012,926.75,905.98291,1630740
21-12-2018,927.849976,927.849976,897.25,900.049988,879.881226,2972085
24-12-2018,900.099976,902.799988,874,879.849976,860.133911,2554749
26-12-2018,879,900,868.200012,889.150024,869.225586,3840772
27-12-2018,896,897.799988,881.5,887.650024,867.759094,2160188
28-12-2018,904,925.75,898.799988,922.700012,902.023682,8067914
31-12-2018,926,939.5,920.349976,931,910.137817,4917511
01-01-2019,931.75,934.200012,923,928,907.204956,2064502
02-01-2019,923.299988,937,923.299988,932.150024,911.261902,2672587
03-01-2019,936,944.950012,928,931.200012,910.333313,3292918
04-01-2019,934,938.900024,920.200012,928.450012,907.644958,2340304
07-01-2019,950,964,934.099976,944.049988,922.895264,5337211
08-01-2019,944.200012,950,938.549988,946.150024,924.948242,2039160
09-01-2019,949,955.349976,945.349976,952.950012,931.595947,2115974
10-01-2019,950.400024,969.400024,948.549988,966.700012,945.03772,2450895
11-01-2019,965.25,969.5,956.799988,959.299988,937.803528,1535995
14-01-2019,958,961.349976,949,957.5,936.043884,864306
15-01-2019,956,970.700012,955.099976,968.299988,946.601929,1452136
16-01-2019,965.299988,970.400024,959.299988,961.200012,939.66095,1118736
17-01-2019,961.349976,965,951.549988,961.549988,940.003052,1303576
18-01-2019,961.549988,965,954.049988,960.950012,939.416626,1168989
21-01-2019,960.099976,965.799988,957,962.75,941.176331,1035360
22-01-2019,962.150024,986.400024,958.700012,982.650024,960.630371,2797244
23-01-2019,987.400024,987.400024,957.599976,962.150024,940.589661,1574247
24-01-2019,960.200012,972.299988,955.900024,969.650024,947.921692,1246903
25-01-2019,972,984,969.150024,978,956.084534,1985833
28-01-2019,978,981.200012,955.200012,958.650024,937.168091,1499181
29-01-2019,955.200012,970,945,966.099976,944.451111,1411027
30-01-2019,966.099976,974.950012,960.049988,968.900024,947.188416,1468812
31-01-2019,968.200012,1000,966.5,995.799988,973.485596,2306391
01-02-2019,1003,1005,985.099976,991.549988,969.330811,3424938
04-02-2019,1025,1050,1009.049988,1025.75,1002.764526,9556052
05-02-2019,1026.949951,1074,1020,1066.699951,1042.796753,7144200
06-02-2019,1066,1072,1050.5,1059.050049,1035.318237,2449722
07-02-2019,1059.800049,1067.050049,1050,1056.800049,1033.11853,1293109
08-02-2019,1058.5,1076.849976,1047.599976,1053.25,1029.648438,2576054
11-02-2019,1059,1063.5,1045.199951,1056.400024,1032.727661,1057548
12-02-2019,1058,1073.949951,1050.099976,1066.25,1042.356934,3075801
14-02-2019,1063.949951,1063.949951,1030.5,1042.25,1018.894775,2182379
15-02-2019,1035,1052,1016.799988,1039,1015.717529,2566210
18-02-2019,1040.099976,1040.650024,1021.299988,1027.349976,1004.328674,1023065
19-02-2019,1030.449951,1049.800049,1025.300049,1028.800049,1005.746216,1551617
20-02-2019,1030,1044.400024,1027.5,1032.75,1009.607666,1506583
21-02-2019,1039.900024,1045,1031.25,1042.5,1019.139221,1220939
22-02-2019,1035.5,1044,1030.300049,1041.599976,1018.259216,1298608
25-02-2019,1038,1055,1035.599976,1043,1019.627991,1691809
26-02-2019,1039,1041.900024,1016.049988,1038.349976,1015.082214,1906268
27-02-2019,1042.900024,1047.150024,1013.950012,1016.25,993.477417,1897310
28-02-2019,1018,1033.800049,1002.049988,1025.199951,1002.226746,5080712
01-03-2019,1031.900024,1036,1017.099976,1021.349976,998.463074,1967656
05-03-2019,1023.599976,1039.949951,1016.200012,1035,1011.807251,1577329
06-03-2019,1038,1060.900024,1028.300049,1055.949951,1032.287598,2758056
07-03-2019,1069,1069,1039,1043.300049,1019.921326,2584721
08-03-2019,1044.75,1059.550049,1037,1053.199951,1029.599365,2179863
11-03-2019,1058,1074.599976,1057.599976,1069.199951,1045.240845,2837644
12-03-2019,1074.949951,1095.949951,1072,1086.449951,1062.104126,3418782
13-03-2019,1087.400024,1093.900024,1065.099976,1078.300049,1054.136963,2024554
14-03-2019,1078.900024,1089,1063.150024,1086.349976,1062.00647,1193296
15-03-2019,1087,1113.800049,1082,1097.25,1072.662231,5318660
18-03-2019,1105,1108.900024,1092.099976,1099.800049,1075.155273,1525276
19-03-2019,1102,1112,1098.599976,1109.050049,1084.197998,1376594
20-03-2019,1111,1115,1098,1102.349976,1077.647949,1295061
22-03-2019,1103.599976,1124.400024,1093.699951,1102.550049,1077.84375,2486418
25-03-2019,1102,1106.5,1090.400024,1100.099976,1075.448486,909855
26-03-2019,1105,1120,1088.349976,1115.75,1090.747803,1851505
27-03-2019,1125,1125,1106,1116.5,1091.480957,1668427
28-03-2019,1120,1139.550049,1111.449951,1134.25,1108.833252,2292966
01-04-2019,1140,1148,1116.800049,1120.349976,1095.244629,1703651
02-04-2019,1125,1131.150024,1108.400024,1111.900024,1086.984009,1469173
03-04-2019,1117,1127.199951,1098.050049,1100.5,1075.8396,1553200
04-04-2019,1112.699951,1122.599976,1094.300049,1106.099976,1081.313965,2463998
05-04-2019,1123,1129.699951,1101.449951,1106.400024,1081.607178,4108366
08-04-2019,1109,1115,1092,1104.400024,1079.6521,1672293
09-04-2019,1109,1109.949951,1091.5,1098.550049,1073.933228,1288739
10-04-2019,1099.400024,1105,1083.5,1100.199951,1075.546143,1612236
11-04-2019,1106.949951,1106.949951,1090.099976,1105.050049,1080.287598,1412462
12-04-2019,1107,1107.949951,1094,1097,1072.417847,1499571
15-04-2019,1102,1102,1088,1090.150024,1065.721436,1116346
16-04-2019,1093.099976,1124.75,1092.400024,1120.050049,1094.951416,2144260
18-04-2019,1125.949951,1129.5,1113.5,1125.400024,1100.181763,1609911
22-04-2019,1125,1132,1119.099976,1123.699951,1098.519653,1307412
23-04-2019,1124,1136.699951,1120.050049,1129.550049,1104.238525,1237289
24-04-2019,1128,1152,1125.550049,1149.150024,1123.399414,1809133
25-04-2019,1155,1165,1135.400024,1141.300049,1115.725342,3579153
26-04-2019,1146.699951,1149.5,1131,1137.5,1112.010376,846570
30-04-2019,1140,1161.75,1133.5,1158.550049,1132.588745,1469889
02-05-2019,1159,1160,1135.599976,1138.150024,1112.645752,1517989
03-05-2019,1145,1154.800049,1135.050049,1145.050049,1119.391235,1146869
06-05-2019,1142.800049,1142.800049,1075.099976,1082.849976,1058.585083,4064781
07-05-2019,1097.800049,1105,1083,1086.5,1062.153076,2605643
08-05-2019,1090,1100,1067.849976,1088.699951,1064.303833,3336769
09-05-2019,1100,1110,1088.699951,1104.449951,1079.700806,4362293
10-05-2019,1108,1137.849976,1094.300049,1132.099976,1106.731201,3032624
13-05-2019,1125.300049,1152.800049,1124.050049,1144.699951,1119.04895,2695155
14-05-2019,1140,1163,1122.949951,1154.75,1128.873901,2894382
15-05-2019,1160,1167.5,1152.349976,1163,1136.938965,2476357
16-05-2019,1162.699951,1195,1159.949951,1186.449951,1159.863525,2948769
17-05-2019,1184,1203,1180,1190.5,1163.822754,3265842
20-05-2019,1214,1238,1205,1231.650024,1204.050781,2881354
21-05-2019,1239,1251.650024,1233.349976,1244.400024,1216.515015,3218291
22-05-2019,1245.949951,1250.900024,1226.349976,1241.099976,1213.288696,1972398
23-05-2019,1259.25,1262.800049,1216.25,1220.25,1192.906128,2494025
24-05-2019,1221,1229.949951,1194.449951,1219.900024,1192.563965,2423569
27-05-2019,1226.5,1243.5,1203.5,1240.949951,1213.142212,1380441
28-05-2019,1243,1244.900024,1222.699951,1231.550049,1203.953003,1811869
29-05-2019,1232,1237.699951,1224.199951,1234.650024,1206.983398,918488
30-05-2019,1234,1249.800049,1225,1240.599976,1212.800049,1081863
31-05-2019,1248,1250.650024,1227,1235.75,1208.058838,1213810
03-06-2019,1239,1269,1227.5,1266.25,1237.875244,1627758
04-06-2019,1267,1276.849976,1243.800049,1248,1220.034302,1378780
06-06-2019,1255,1273.650024,1244.650024,1269.449951,1241.003418,2345134
07-06-2019,1274.949951,1274.949951,1254,1268.949951,1240.514648,1381956
10-06-2019,1274.650024,1289.199951,1270,1277,1248.384399,1516266
11-06-2019,1278,1288,1266.800049,1284.949951,1256.15625,1782094
12-06-2019,1284.949951,1292.699951,1277.550049,1288.849976,1259.968872,1456438
13-06-2019,1283,1298.25,1276.400024,1295.449951,1266.421021,1734153
14-06-2019,1296.050049,1297.949951,1277.099976,1281.900024,1253.174561,874483
17-06-2019,1286,1292.550049,1248.5,1256.050049,1227.903931,2057502
18-06-2019,1256.050049,1261,1235,1257.5,1229.321411,1845151
19-06-2019,1280,1288,1257.650024,1275.099976,1246.526978,1650715
20-06-2019,1274.5,1308.949951,1266.050049,1306.599976,1277.321045,1693438
21-06-2019,1306,1317,1288.25,1292.349976,1263.390503,2640376
24-06-2019,1302,1307.400024,1291.050049,1300.050049,1270.918091,1419605
25-06-2019,1309,1320.849976,1296.050049,1318.150024,1288.612305,1955640
26-06-2019,1312.599976,1322.900024,1306.650024,1309.050049,1279.716309,1335984
27-06-2019,1309.099976,1332.699951,1306.75,1329.199951,1299.414673,1841074
28-06-2019,1325,1337.050049,1318,1334.699951,1304.79126,1345592
01-07-2019,1330.099976,1340.900024,1321.150024,1323.199951,1293.549194,1554897
02-07-2019,1325,1332.199951,1310.5,1324,1294.331177,1397406
03-07-2019,1329.550049,1333.5,1316.5,1328.449951,1298.681396,1351543
04-07-2019,1321.800049,1321.800049,1286,1290.349976,1261.435303,2901447
05-07-2019,1283.5,1300.550049,1249.699951,1278.099976,1249.459839,3015054
08-07-2019,1260,1270.900024,1245.699951,1252.449951,1224.384399,2308725
09-07-2019,1175,1175,1073,1098.949951,1074.324097,22143587
10-07-2019,1103,1125,1088.349976,1101.199951,1076.523804,6366343
11-07-2019,1109,1115.650024,1071.400024,1097,1072.417847,5179244
12-07-2019,1104,1129,1090,1101.199951,1076.523804,4845853
15-07-2019,1110,1110.050049,1077.349976,1089.400024,1064.988281,2563929
16-07-2019,1092,1118,1082.550049,1114.75,1089.770142,2457767
17-07-2019,1110.25,1118,1105.300049,1109.900024,1085.028687,2538956
18-07-2019,1105,1106.5,1056.199951,1080,1055.799072,3482208
19-07-2019,1090,1103,1077.949951,1091.050049,1066.601196,3302082
22-07-2019,1087.900024,1092,1062.099976,1085.550049,1061.224487,2341863
23-07-2019,1090,1109.900024,1086.400024,1099.150024,1074.519653,2527679
24-07-2019,1101,1110,1081.25,1087.400024,1063.033081,1732174
25-07-2019,1093.900024,1100.699951,1084.599976,1090.449951,1066.014648,1770220
26-07-2019,1085.800049,1112.199951,1083,1106.400024,1081.607178,1128870
29-07-2019,1106.900024,1109,1071.900024,1078.900024,1059.511597,1661014
30-07-2019,1080,1093.599976,1072.099976,1079.199951,1064.740479,2335907
31-07-2019,1079.150024,1079.150024,1041,1056.349976,1042.196655,3050699
01-08-2019,1052.099976,1069.349976,1041.400024,1057.300049,1043.134033,2321381
02-08-2019,1062,1075.400024,1046.050049,1064.699951,1050.434814,1789229
05-08-2019,1059.5,1059.5,1026.599976,1036.800049,1022.908813,1962260
06-08-2019,1027,1070,1021.25,1046.699951,1032.675903,5738839
07-08-2019,1022,1040.900024,998,1028.449951,1014.670471,8983860
08-08-2019,1036,1059.800049,1011.650024,1041.099976,1027.150879,2553976
09-08-2019,1050,1077,1041.5,1067,1052.703979,2944544
13-08-2019,1070,1088.5,1056.099976,1063.849976,1049.596191,3293100
14-08-2019,1054.099976,1090.849976,1051.050049,1084,1069.476196,1834669
16-08-2019,1075,1084.300049,1070.199951,1075.800049,1061.386108,1366746
19-08-2019,1104.699951,1104.699951,1080.150024,1088.949951,1074.359863,1467603
20-08-2019,1090.900024,1095.75,1075.550049,1092.349976,1077.714355,1584464
21-08-2019,1090.5,1097,1060.300049,1065.300049,1051.026978,1344715
22-08-2019,1065.800049,1070,1048.050049,1061.75,1047.524414,1182766
23-08-2019,1062.300049,1082.900024,1040,1073.5,1059.116943,1925420
26-08-2019,1094.699951,1106.800049,1061.650024,1102.449951,1087.679077,2601437
27-08-2019,1108,1130.150024,1099.199951,1123.699951,1108.644409,2825727
28-08-2019,1129,1131.5,1107.5,1110.949951,1096.065186,1599333
29-08-2019,1111.5,1115,1096.550049,1101.800049,1087.03772,1204392
30-08-2019,1107.050049,1113,1095,1105.099976,1090.293579,1454803
03-09-2019,1098,1098.300049,1052.949951,1059.650024,1045.452515,1858383
04-09-2019,1060,1069,1025.5,1037.199951,1023.303284,2881072
05-09-2019,1037,1052.900024,1036.25,1048.650024,1034.599854,1587469
06-09-2019,1054,1070.949951,1042.449951,1068.699951,1054.381226,1443212
09-09-2019,1065,1091.949951,1058.400024,1088.349976,1073.767822,1272456
11-09-2019,1095.949951,1103.5,1083.050049,1101.050049,1086.297852,1432923
12-09-2019,1110.699951,1114.599976,1083.75,1086.099976,1071.548096,1792647
13-09-2019,1088.099976,1126.5,1088.099976,1123.400024,1108.348389,3428008
16-09-2019,1123.900024,1152,1115.400024,1148.550049,1133.161499,3645849
17-09-2019,1155,1176.199951,1154.050049,1158.25,1142.731567,3120692
18-09-2019,1163,1168,1150.550049,1160.699951,1145.148682,1434623
19-09-2019,1164,1167.650024,1148.449951,1153.199951,1137.749146,1255713
20-09-2019,1160,1334.400024,1153,1263.550049,1246.620605,7588909
23-09-2019,1275.199951,1345,1275,1311.800049,1294.224121,5902008
24-09-2019,1317,1324.25,1282,1292.650024,1275.330688,2642955
25-09-2019,1296.150024,1314.900024,1262.800049,1268.900024,1251.898926,3928117
26-09-2019,1273,1292.550049,1272,1288.300049,1271.03894,2277616
27-09-2019,1291,1293.949951,1265.150024,1284.050049,1266.845947,1847785
30-09-2019,1290.5,1295.849976,1266.5,1273.050049,1255.993408,2142791
01-10-2019,1282,1297.800049,1267.550049,1280.599976,1263.442139,1454512
03-10-2019,1279.400024,1298,1268.75,1295.5,1278.142456,1449986
04-10-2019,1303,1306.699951,1240.099976,1250.900024,1234.140137,2383219
07-10-2019,1255.099976,1265.800049,1241.300049,1259,1242.13147,1100794
09-10-2019,1200,1236.25,1177.050049,1230.300049,1213.816162,8327469
10-10-2019,1231.199951,1242.449951,1220,1234.699951,1218.157227,1479753
11-10-2019,1242.050049,1249,1215,1243.599976,1226.937866,2182903
14-10-2019,1239.800049,1258,1233.5,1248.949951,1232.216187,1241231
15-10-2019,1254,1275.150024,1253,1272.099976,1255.05603,1379017
16-10-2019,1274.800049,1277.699951,1256.050049,1274.550049,1257.473267,1223194
17-10-2019,1285,1285.550049,1271.099976,1277.050049,1259.939697,1500556
18-10-2019,1278,1305,1274.050049,1300.599976,1283.174194,1135957
22-10-2019,1300.449951,1336.800049,1294.5,1329.449951,1311.637573,2138284
23-10-2019,1331.949951,1366.349976,1327.050049,1348.650024,1330.580444,3148288
24-10-2019,1364,1379,1350.650024,1374.550049,1356.133423,1791699
25-10-2019,1378.900024,1389.949951,1331.150024,1335,1317.113281,3934315
27-10-2019,1338.949951,1341.800049,1315.699951,1319.900024,1302.215576,470393
29-10-2019,1320,1340,1293.199951,1332.599976,1314.745361,2030358
30-10-2019,1347,1347,1312,1316.150024,1298.515869,1681593
31-10-2019,1322,1336,1319.650024,1331.199951,1313.364258,1533763
01-11-2019,1331.800049,1333.349976,1287.050049,1301.900024,1284.456787,2491686
04-11-2019,1311,1311,1282.099976,1298.800049,1281.398438,1706003
05-11-2019,1295,1306.25,1277.5,1283.800049,1266.599243,2881634
06-11-2019,1165,1199,1150,1156.099976,1140.610352,18294122
07-11-2019,1161,1179,1156.449951,1167.199951,1151.561523,6500446
08-11-2019,1167.199951,1172.949951,1154,1156.75,1141.251587,2796511
11-11-2019,1156.75,1163.75,1137.650024,1155.699951,1140.215576,2357413
13-11-2019,1155.699951,1167,1150.099976,1159.050049,1143.520752,2336007
14-11-2019,1164,1176.300049,1162,1169.099976,1153.436157,2571355
15-11-2019,1173,1174.800049,1155.900024,1158.449951,1142.928711,1506407
18-11-2019,1160.150024,1164.5,1152.800049,1158.800049,1143.27417,1132129
19-11-2019,1158.800049,1167.800049,1153.099976,1163.199951,1147.61499,1109428
20-11-2019,1166,1167.5,1156.400024,1162.849976,1147.269775,920219
21-11-2019,1163,1170,1144,1148.25,1132.865479,1417102
22-11-2019,1148,1150.699951,1123.199951,1135.599976,1120.38501,2320184
25-11-2019,1149.900024,1166.949951,1143.099976,1163.599976,1148.009766,2270744
26-11-2019,1166.900024,1184.75,1162.199951,1166.099976,1150.476318,4025257
27-11-2019,1170,1182.5,1161,1167.150024,1151.512085,1587451
28-11-2019,1172,1172,1160.349976,1169.5,1153.830688,1031591
29-11-2019,1173,1178.550049,1155,1159.699951,1144.161987,1244953
02-12-2019,1160,1161,1142.5,1153.800049,1138.341187,1016807
03-12-2019,1155,1170,1150.099976,1158.150024,1142.632813,1315825
04-12-2019,1154.699951,1178,1153,1174.650024,1158.911743,1388528
05-12-2019,1180,1204.599976,1175,1184.25,1168.383179,3637705
06-12-2019,1189.800049,1189.800049,1168.900024,1172,1156.297119,1026657
09-12-2019,1173,1186,1165.849976,1178.050049,1162.266235,1092070
10-12-2019,1175.099976,1192.099976,1172.900024,1179.300049,1163.499512,1641867
11-12-2019,1178.099976,1189,1175.75,1179.550049,1163.746094,1005638
12-12-2019,1182.099976,1192,1177.5,1188,1172.082886,1065673
13-12-2019,1193,1203.5,1182.599976,1186.150024,1170.25769,1624478
16-12-2019,1188.550049,1192.25,1162.849976,1165.650024,1150.032349,1239589
17-12-2019,1171,1171,1152,1157.349976,1141.843506,1706196
18-12-2019,1164,1167.349976,1150.349976,1159.099976,1143.57019,1391631
19-12-2019,1159,1162.5,1153,1159.050049,1143.520752,1338696
20-12-2019,1160,1206.449951,1160,1201.900024,1185.796631,6754831
23-12-2019,1206.099976,1229,1201.099976,1209.099976,1192.900146,3980835
24-12-2019,1206.050049,1222,1200.650024,1204.099976,1187.967163,2236779
26-12-2019,1209.949951,1213.75,1190.599976,1192.5,1176.522583,1800229
27-12-2019,1196.449951,1199.199951,1184.849976,1191.449951,1175.486572,1332568
30-12-2019,1195,1198,1183.099976,1193.75,1177.755859,1109808
31-12-2019,1195,1203.699951,1184.199951,1187.949951,1172.033325,1753530
01-01-2020,1194.449951,1199,1152.199951,1154.75,1139.27832,3137636
02-01-2020,1157,1159.900024,1140,1155.599976,1140.116821,3286436
03-01-2020,1156,1156,1132,1139.699951,1124.42981,2695237
06-01-2020,1162,1171.400024,1150.099976,1158.599976,1143.076782,4494752
07-01-2020,1170.949951,1173.849976,1152.050049,1159.949951,1144.408569,2363578
08-01-2020,1145,1156.300049,1138,1143.300049,1127.981812,2370166
09-01-2020,1155,1168,1148.5,1163.449951,1147.861816,1764131
10-01-2020,1167,1170.699951,1150.75,1154.050049,1138.587769,1517311
13-01-2020,1155,1162.449951,1148.5,1158.949951,1143.421997,1135936
14-01-2020,1162,1168.650024,1157.150024,1167.099976,1151.462891,1324743
15-01-2020,1173.5,1191.5,1170.599976,1184.849976,1168.974976,2665214
16-01-2020,1184.849976,1195.5,1174.099976,1192.900024,1176.917114,1644541
17-01-2020,1194.800049,1196.849976,1184,1188.75,1172.822876,1034774
20-01-2020,1190,1195,1179.099976,1187.849976,1171.934692,1139858
21-01-2020,1183.449951,1183.900024,1161,1176.199951,1160.44104,925998
22-01-2020,1181.800049,1185.949951,1172,1177.650024,1161.871582,902471
23-01-2020,1176,1206.650024,1175,1204.099976,1187.967163,2101116
24-01-2020,1208.900024,1230,1206.050049,1227.849976,1211.398926,2841654
27-01-2020,1228,1240.349976,1208.849976,1213.800049,1197.537231,2332864
28-01-2020,1215,1223.5,1188.300049,1195,1178.989014,1703068
29-01-2020,1198.5,1207.900024,1181.599976,1186.199951,1170.307007,1380266
30-01-2020,1191,1191.5,1176.199951,1179.25,1163.450073,1859283
31-01-2020,1185.5,1194.800049,1180,1187.75,1171.83606,1809101
03-02-2020,1170,1192.300049,1162.550049,1186.400024,1170.504272,3595537
04-02-2020,1195,1287.800049,1185,1275.800049,1258.706543,7875930
05-02-2020,1284.75,1297.699951,1255,1279.849976,1262.702271,5459816
06-02-2020,1284.949951,1294.199951,1252.050049,1259.300049,1242.427612,2463971
07-02-2020,1264.050049,1279.5,1258.400024,1275,1257.917236,2277867
10-02-2020,1270.900024,1275,1253.349976,1257.199951,1240.355713,1021943
11-02-2020,1263,1278.900024,1258.550049,1270.699951,1253.674683,1351413
12-02-2020,1276.949951,1288.949951,1265.849976,1269,1251.997559,1195516
13-02-2020,1270,1308,1270,1298.099976,1280.707764,4458645
14-02-2020,1306.949951,1310.699951,1290,1293.449951,1276.119873,1416212
17-02-2020,1293.050049,1321.599976,1288.349976,1316.050049,1298.417236,2347399
18-02-2020,1314,1318.900024,1301.25,1311,1293.434937,1761012
19-02-2020,1317,1332.900024,1312.050049,1329.599976,1311.785645,1445826
20-02-2020,1330,1341.050049,1320,1322.849976,1305.126099,1513648
24-02-2020,1310,1317.800049,1273.849976,1279.900024,1262.751587,1341317
25-02-2020,1285,1286.75,1256.800049,1260.099976,1243.216919,1358874
26-02-2020,1256,1267,1245.099976,1255.099976,1238.283813,1506693
27-02-2020,1250,1286,1250,1277.900024,1260.778442,4569014
28-02-2020,1255,1270.699951,1235.650024,1254.5,1237.691895,2728105
02-03-2020,1275,1294,1228,1244.150024,1227.480469,2773593
03-03-2020,1248.199951,1272,1225,1247,1230.29248,2660100
04-03-2020,1251.949951,1265.650024,1217.300049,1250.949951,1234.189331,3007393
05-03-2020,1253.5,1265.150024,1242.199951,1259.150024,1242.279541,1555538
06-03-2020,1229,1246.949951,1219.699951,1242.599976,1225.951294,1678642
09-03-2020,1225,1241.849976,1175,1203.449951,1187.325806,2285787
11-03-2020,1197.949951,1213.349976,1177.550049,1187.650024,1171.737427,2314388
12-03-2020,1150,1153.949951,1064.650024,1076.75,1062.323242,3608906
13-03-2020,1055.599976,1134.699951,946.049988,1084.349976,1069.821533,4337046
16-03-2020,1049.949951,1049.949951,983,1011.349976,997.799683,3443930
17-03-2020,1005,1038,977.799988,1001,987.588379,2985146
18-03-2020,1028,1028,921,930.75,918.279541,5508541
19-03-2020,879.950012,924.400024,839.75,903.5,891.394714,4838552
20-03-2020,906.099976,934,866,904.900024,892.776001,4407646
23-03-2020,839.650024,841.049988,771.25,800.950012,790.218689,4960906
24-03-2020,805.25,857.849976,720.900024,816.099976,805.165649,5404961
25-03-2020,799,897.700012,784.799988,880.799988,868.998779,3564854
26-03-2020,895,947.799988,872.299988,928.299988,915.862366,3635282
27-03-2020,960,965,896,937.049988,924.495117,2999631
30-03-2020,861,959,861,943.650024,931.006775,2901412
31-03-2020,967,971.700012,923.75,933.700012,921.190063,3811918
01-04-2020,929.700012,950,902,936.049988,923.508545,2935916
03-04-2020,930,930.049988,855.950012,862.799988,851.23999,4951957
07-04-2020,900.099976,954.950012,892.299988,947.450012,934.755859,4186574
08-04-2020,935,966.400024,893.400024,913.450012,901.211426,5505995
09-04-2020,931.650024,1044,917.349976,1013.849976,1000.266113,8532854
13-04-2020,1014.5,1014.5,943.200012,966.849976,953.895813,4399110
15-04-2020,990,990,937.200012,952.049988,939.294128,5502739
16-04-2020,929,999,915,985.25,972.049316,6251879
17-04-2020,1001.099976,1017.700012,956.299988,975.5,962.429993,5761623
20-04-2020,975.5,982.200012,957,975.5,962.429993,2557331
21-04-2020,958,962.200012,932.450012,936.700012,924.149841,3717567
22-04-2020,936.700012,955.25,922.549988,951.400024,938.652893,2779272
23-04-2020,922.25,935.5,905,912.599976,900.372681,7009187
24-04-2020,910,926.900024,893.099976,906.049988,893.910522,4692972
27-04-2020,914.200012,938,912.049988,927.75,915.319763,3816089
28-04-2020,930.349976,940,917,932.849976,920.35144,2548149
29-04-2020,932,933.599976,918,925.400024,913.001282,2514908
30-04-2020,935.200012,978.950012,929,970.049988,957.052979,4336412
04-05-2020,928.5,929,886,891.849976,879.900757,4201101
05-05-2020,905,908.849976,877,886.950012,875.066406,5214901
06-05-2020,887,891.950012,861.25,876.450012,864.707092,3713850
07-05-2020,878.5,878.5,846.400024,849.099976,837.723511,4744629
08-05-2020,857,862.5,830.299988,832.849976,821.691223,4751910
11-05-2020,848.450012,851.400024,824,829.599976,818.48468,3704305
12-05-2020,827,851,822.25,846.450012,835.10907,5287477
13-05-2020,874.950012,883.950012,856,860.450012,848.921448,3599358
14-05-2020,855,856,841.25,846,834.665039,2161536
15-05-2020,846,859.799988,842,845.599976,834.270386,2130736
18-05-2020,841.5,845,810,817.299988,806.349609,4634758
19-05-2020,827.299988,844.150024,818.150024,826.799988,815.72229,3072505
20-05-2020,824,854,818.599976,848.700012,837.328918,3403474
21-05-2020,854,860,843.900024,849.849976,838.46344,2217516
22-05-2020,844.900024,855.950012,837.900024,849.650024,838.266174,1955658
26-05-2020,856,896.950012,855.150024,892.75,880.788635,5625204
27-05-2020,884.900024,890.75,868.5,885.849976,873.98114,3925259
28-05-2020,885.849976,904.099976,875,899.450012,887.398926,3441157
29-05-2020,895.450012,898,875,890,878.075562,4140081
01-06-2020,898.5,979,898.5,958.900024,946.05249,9822341
02-06-2020,958.900024,984,946.349976,976.150024,963.071289,4518557
03-06-2020,989,1005,979.700012,984.349976,971.161377,4194237
04-06-2020,970.099976,977.450012,942.349976,971.25,958.236938,5293647
05-06-2020,977,995,967,990.950012,977.673035,3136137
08-06-2020,1009,1050,1006.049988,1025,1011.266724,7033675
09-06-2020,1037,1047,989.25,997.099976,983.740601,17283990
10-06-2020,997.099976,1008.950012,970.849976,977.25,964.156494,5971985
11-06-2020,976,976,949.099976,951.25,938.504944,4955842
12-06-2020,910.049988,984.799988,901,977.700012,964.600464,6968318
15-06-2020,979.950012,986.549988,945,948.400024,935.693054,3823415
16-06-2020,965,970,933.650024,958.049988,945.213806,2976379
17-06-2020,955,972.849976,945.75,963,950.097473,2372940
18-06-2020,958.099976,980.5,953.650024,976,962.923279,2118941
19-06-2020,980,994.950012,973,975.849976,962.775269,2817395
22-06-2020,979,988,968.549988,979.5,966.376404,1840153
23-06-2020,981.5,1008,981.5,999.25,985.861694,2929867
24-06-2020,1010,1026,985.150024,988.200012,974.9599,3451720
25-06-2020,985,994,973.549988,977.599976,964.50177,2214883
26-06-2020,988,989.900024,961.900024,966.200012,953.254639,2514103
29-06-2020,964.900024,971.599976,935,957.450012,944.621826,3422997
30-06-2020,965,971.950012,946.400024,949.849976,937.123596,1947529
01-07-2020,950,968.5,945,948.200012,935.495789,3043306
02-07-2020,956.950012,994,953.099976,986.400024,973.18396,3845200
03-07-2020,992,1008,986.299988,1003.5,990.05481,3073808
06-07-2020,1007,1019.799988,995.650024,1014.200012,1000.61145,2509450
07-07-2020,1015,1029,1007,1016.25,1002.634033,3538454
08-07-2020,1026,1029,987.049988,991.150024,977.8703,4272654
09-07-2020,995,1002.5,978.349976,991.599976,978.314209,3585878
10-07-2020,985.049988,987,957.400024,961.849976,948.96283,3691688
13-07-2020,973.950012,973.950012,959,966.349976,953.402527,2760626
14-07-2020,960,977.900024,955,973.799988,960.752686,3642970
15-07-2020,979,985.799988,963.400024,967.950012,954.98114,2366530
16-07-2020,968.5,972.950012,941.799988,961.349976,948.469543,2914310
17-07-2020,960,1000,956.450012,997.849976,984.48053,3843594
20-07-2020,1000,1012.5,986,1001.700012,988.278931,3349775
21-07-2020,1004,1017.400024,999.25,1015.150024,1001.548767,2491480
22-07-2020,1020.25,1065.949951,1015.599976,1057.699951,1043.528564,7642553
23-07-2020,1067.949951,1083,1051.099976,1070.199951,1055.861084,6785686
24-07-2020,1064.800049,1066,1032.699951,1057.599976,1043.430054,4407065
27-07-2020,1057,1072.5,1039.349976,1042.099976,1028.137695,2783336
28-07-2020,1045,1054.949951,1028.550049,1052.699951,1038.595581,3129955
29-07-2020,1056.800049,1066.75,1036.199951,1040.449951,1026.509766,2332468
30-07-2020,1042,1057.699951,1039.949951,1041.849976,1027.890991,2297977
31-07-2020,1045.5,1051.099976,1032.699951,1043.25,1029.272217,1786573
03-08-2020,1047,1094.650024,1043,1077.349976,1067.00647,7646498
04-08-2020,1088.949951,1089.199951,1065.25,1075.199951,1068.845581,3357481
05-08-2020,1083,1114.449951,1078,1105.449951,1098.916748,5465772
06-08-2020,1105.449951,1125,1091.25,1120.150024,1113.529907,4499103
07-08-2020,1114.949951,1131.400024,1086.050049,1091.050049,1084.601929,4553672
10-08-2020,1093,1114.599976,1084,1107.550049,1101.004517,5185798
11-08-2020,1074,1087.699951,1048.599976,1066.25,1059.948486,11189277
12-08-2020,1068,1076.900024,1048.550049,1056.349976,1050.106934,6260227
13-08-2020,1064.050049,1103.150024,1062,1097.650024,1091.162964,5476727
14-08-2020,1097.650024,1119,1090.050049,1104.150024,1097.624512,4149195
17-08-2020,1113,1126.199951,1106,1123.849976,1117.208008,3033448
18-08-2020,1128.949951,1151.800049,1125.099976,1145.550049,1138.779907,4134374
19-08-2020,1158.849976,1159,1145,1148.400024,1141.613037,2570066
20-08-2020,1130.050049,1138.400024,1118.800049,1125.699951,1119.047119,2727302
21-08-2020,1137.699951,1143.800049,1129.099976,1138.099976,1131.373901,2181243
24-08-2020,1140,1146.75,1124,1126.650024,1119.991455,2122417
25-08-2020,1131,1139,1122.900024,1136.5,1129.783325,1465877
26-08-2020,1139.699951,1150,1127.150024,1134.199951,1127.496826,2009966
27-08-2020,1140,1148.5,1127,1137.650024,1130.926514,1459135
28-08-2020,1148.25,1148.25,1131.599976,1134.099976,1127.397461,1628956
31-08-2020,1131,1153,1086,1100.5,1093.996094,3373546
01-09-2020,1105,1129.650024,1095.650024,1120.050049,1113.430542,2043953
02-09-2020,1116.949951,1124.650024,1102.599976,1121.300049,1114.673218,1919880
03-09-2020,1121.300049,1191.599976,1121.300049,1185.300049,1178.294922,5945052
04-09-2020,1161.599976,1198.050049,1155,1159.25,1152.398804,3490945
07-09-2020,1164,1176.449951,1149.300049,1167.699951,1160.798828,2166322
08-09-2020,1167.699951,1174.099976,1154.599976,1162.550049,1155.679321,1994062
09-09-2020,1156.900024,1171.800049,1148.300049,1161.099976,1154.237915,1918422
10-09-2020,1165,1165.849976,1138.75,1155.25,1148.422363,1841208
11-09-2020,1156,1194,1155,1167.75,1160.848511,5572098
14-09-2020,1168.5,1191.599976,1167.949951,1188,1180.978882,2019325
15-09-2020,1194.800049,1220,1170.150024,1174.550049,1167.608398,5204233
16-09-2020,1180,1189,1164.699951,1181.699951,1174.716064,2463561
17-09-2020,1174.949951,1191.550049,1168.050049,1182.400024,1175.411987,2019300
18-09-2020,1185,1201.5,1157.349976,1163.599976,1156.723145,2575064
21-09-2020,1163.599976,1171.800049,1115.050049,1119.900024,1113.281372,2666086
22-09-2020,1120,1127.5,1093.150024,1104.449951,1097.922607,2000953
23-09-2020,1107.5,1121.949951,1103,1117.199951,1110.59729,2068183
24-09-2020,1113,1113.900024,1076,1096.150024,1089.671753,2356296
25-09-2020,1097.550049,1115,1081.25,1109.349976,1102.793701,2275740
28-09-2020,1119,1143.949951,1108.349976,1138.75,1132.02002,2509616
29-09-2020,1145,1174.150024,1139.349976,1167.300049,1160.401245,3586518
30-09-2020,1173,1205,1163.25,1201.349976,1194.25,3635996
01-10-2020,1203.599976,1211,1182,1198.650024,1191.565918,2990243
05-10-2020,1201,1216,1188.699951,1194.349976,1187.291382,2151235
06-10-2020,1204,1215.949951,1192,1199.949951,1192.858276,2087249
07-10-2020,1205,1268,1200.449951,1254,1246.588867,9411156
08-10-2020,1257,1262.550049,1233.599976,1254.150024,1246.737915,3144780
09-10-2020,1254.150024,1269,1247.5,1255.199951,1247.781738,1873176
12-10-2020,1260.199951,1261.349976,1236,1256.75,1249.32251,2009418
13-10-2020,1257.550049,1281.900024,1223.650024,1228.849976,1221.587402,4735253
14-10-2020,1224.349976,1248.949951,1218.550049,1223.449951,1216.21936,4096708
15-10-2020,1222.900024,1237.550049,1210,1213.599976,1206.42749,2727327
16-10-2020,1216.050049,1240.050049,1216,1223.150024,1215.921143,2772602
19-10-2020,1225.099976,1234.599976,1213.099976,1228.800049,1221.537842,1606979
20-10-2020,1230,1245.550049,1217.099976,1233.5,1226.209961,2841242
21-10-2020,1241,1256.550049,1229,1244.699951,1237.34375,2687516
22-10-2020,1240.150024,1253,1220,1229.449951,1222.18396,1973416
23-10-2020,1235,1247.800049,1231.199951,1241.699951,1234.36145,1527141
26-10-2020,1250,1250,1210.5,1215.5,1208.316406,1425518
27-10-2020,1219,1237,1213.550049,1231.800049,1224.520142,1778338
28-10-2020,1231.800049,1241,1185.349976,1217,1209.807495,4810354
29-10-2020,1201,1201,1155.550049,1178.199951,1171.236694,5274120
30-10-2020,1176.400024,1187.800049,1159.099976,1165.75,1158.860352,2275592
02-11-2020,1167.5,1182,1154,1168.5,1161.594238,2502801
03-11-2020,1178,1205.300049,1174.800049,1199.949951,1192.858276,2079628
04-11-2020,1199.949951,1217.900024,1192.699951,1215.650024,1208.465454,2043263
05-11-2020,1224.150024,1253.849976,1210.25,1242.099976,1234.759155,2215527
06-11-2020,1242.099976,1265.849976,1239,1253.5,1246.091797,2546487
09-11-2020,1265.400024,1287.699951,1252.449951,1285.050049,1277.455444,1840061
10-11-2020,1286,1312,1274.349976,1305.400024,1297.685181,2898878
11-11-2020,1309.900024,1318.699951,1263.699951,1274.699951,1267.166504,2872916
12-11-2020,1286.949951,1296,1267,1278.099976,1270.546387,3650248
13-11-2020,1297,1304,1278.449951,1288.449951,1280.835205,3107920
14-11-2020,1295,1297.900024,1279.099976,1286.800049,1279.195068,288198
17-11-2020,1297,1304.800049,1277.300049,1301.949951,1294.255371,2185705
18-11-2020,1301.949951,1303,1267,1280.099976,1272.534668,2934467
19-11-2020,1278.550049,1345.599976,1270.050049,1292.449951,1284.811646,6942825
20-11-2020,1295.949951,1371.300049,1295.599976,1365.150024,1357.081909,10421957
23-11-2020,1375,1375,1332,1347.599976,1339.63562,2995116
24-11-2020,1347.599976,1364.449951,1323.25,1327.150024,1319.306519,2876893
25-11-2020,1331,1345,1300.349976,1306.949951,1299.22583,3417818
26-11-2020,1316.949951,1333,1308.150024,1327.400024,1319.555054,2819881
27-11-2020,1333,1368.400024,1313.550049,1361.199951,1353.155273,5497388
01-12-2020,1383,1386.400024,1335,1341.099976,1333.174072,2881906
02-12-2020,1347.949951,1392.050049,1343.5,1389,1380.791016,2969071
03-12-2020,1398.900024,1424,1386.050049,1418.5,1410.116577,3939085
04-12-2020,1418.5,1440.550049,1413.699951,1437.150024,1428.656494,2229459
07-12-2020,1436,1436,1418,1425.300049,1416.876465,1430365
08-12-2020,1425.300049,1435.650024,1412.349976,1427.849976,1419.411377,1666175
09-12-2020,1430,1435,1417.550049,1426.150024,1417.721436,1579066
10-12-2020,1428,1445,1415.550049,1424.199951,1415.782959,2588422
11-12-2020,1427.5,1449.849976,1423,1442.400024,1433.875488,1398271
14-12-2020,1451,1469.5,1445,1463.449951,1454.800903,2453825
15-12-2020,1460.5,1476,1449.300049,1468.75,1460.069702,2035503
16-12-2020,1477,1510,1469.199951,1504.449951,1495.558594,2638988
17-12-2020,1495.150024,1520,1492.300049,1501.949951,1493.073364,1951230
18-12-2020,1502,1525,1497.099976,1519.349976,1510.370605,3299825
21-12-2020,1514.199951,1528.550049,1451,1471.650024,1462.952515,2298069
22-12-2020,1466,1510,1451.199951,1498.800049,1489.942139,3305444
23-12-2020,1504.699951,1519.800049,1478.050049,1490.849976,1482.039063,2847742
24-12-2020,1520,1520,1486,1495.900024,1487.059204,1947894
28-12-2020,1503.300049,1547.650024,1496.150024,1543.550049,1534.427734,2497242
29-12-2020,1554,1556.849976,1528.449951,1540.099976,1530.997925,2081338
30-12-2020,1548,1555.699951,1533.300049,1552.599976,1543.424072,1151230
31-12-2020,1549,1571,1544.199951,1567.150024,1557.888184,2031709
01-01-2021,1562.099976,1573,1555.949951,1558.599976,1549.388672,1003018
04-01-2021,1566,1567,1538,1550.900024,1541.734253,1383979
05-01-2021,1545,1576.849976,1541.5,1570.949951,1561.665649,1351709
06-01-2021,1578,1621.349976,1561.849976,1572.599976,1563.305908,3312171
07-01-2021,1570,1570,1535,1542.349976,1533.234619,2820445
08-01-2021,1547.900024,1555.300049,1521.5,1548.599976,1539.447754,3478504
11-01-2021,1560,1572,1545.699951,1563.900024,1554.657349,1425529
12-01-2021,1560,1560.800049,1524,1527.099976,1518.074829,2550741
13-01-2021,1530,1536,1495,1505.800049,1496.900757,3527208
14-01-2021,1508,1517.849976,1480.050049,1489.949951,1481.144409,2814477
15-01-2021,1489.949951,1509,1471.300049,1477.25,1468.519531,1725346
18-01-2021,1467,1509,1460,1503.550049,1494.664063,2302268
19-01-2021,1518,1524,1501,1519.900024,1510.917358,2279346
20-01-2021,1519.900024,1541,1519.900024,1531.300049,1522.250122,1838240
21-01-2021,1533.099976,1549.849976,1512.050049,1517.300049,1508.332764,1558030
22-01-2021,1522,1534.699951,1487,1491.199951,1482.386963,1364197
25-01-2021,1505.050049,1512.800049,1478.75,1499.849976,1490.98584,1604484
27-01-2021,1505,1505,1432,1440.699951,1432.185425,2021747
28-01-2021,1420,1454.449951,1415.650024,1450.099976,1441.529907,1850239
29-01-2021,1456,1469.25,1415.25,1420.300049,1411.906006,2435997
01-02-2021,1437.800049,1508.550049,1423.650024,1501.550049,1492.675903,2215933
02-02-2021,1515,1536,1482,1485.449951,1476.670898,1974202
03-02-2021,1492,1529,1492,1525.150024,1516.136353,1853072
04-02-2021,1530,1540,1488.099976,1513.599976,1504.654541,2728965
05-02-2021,1518.550049,1538.949951,1504.5,1509.449951,1500.529053,1344007
08-02-2021,1514,1564.849976,1510.050049,1541.699951,1532.588501,2683198
09-02-2021,1548,1584.650024,1543.050049,1559.900024,1550.68103,2364475
10-02-2021,1575.400024,1588,1526,1563.150024,1553.911743,2125469
11-02-2021,1552,1575.900024,1511.25,1524.699951,1515.688965,5970196
12-02-2021,1536.699951,1536.699951,1491,1494.199951,1485.369141,3284441
15-02-2021,1506,1518.5,1476.75,1484.75,1475.97522,3156535
16-02-2021,1492.150024,1505,1461,1471.849976,1463.151245,3090249
17-02-2021,1469.400024,1483,1449.5,1460.400024,1451.769043,2096959
18-02-2021,1465.099976,1471.900024,1429,1433,1424.531006,2686046
19-02-2021,1434,1444.900024,1412.800049,1425.550049,1417.125,2543997
22-02-2021,1425,1433.099976,1396,1405.25,1396.944946,1931189
23-02-2021,1415,1436.949951,1400.150024,1424.050049,1415.633911,1871135
24-02-2021,1424.050049,1474,1424.050049,1451.849976,1443.269653,1143204
25-02-2021,1460,1462.949951,1430.5,1434.449951,1425.972412,1967386
26-02-2021,1420,1431.949951,1403.099976,1406.900024,1398.585205,2715597
01-03-2021,1421.5,1466,1416.599976,1452.150024,1443.567871,1962042
02-03-2021,1469,1474,1450,1471.150024,1462.455444,1293306
03-03-2021,1472,1481.650024,1466.150024,1474.599976,1465.88501,1227772
04-03-2021,1452,1487.650024,1450.550049,1470.5,1461.809326,1822476
05-03-2021,1465,1493,1462.199951,1474.199951,1465.487427,1954113
08-03-2021,1475,1481.25,1451,1456.75,1448.140503,1060584
09-03-2021,1470,1478.900024,1445,1456.900024,1448.289795,941590
10-03-2021,1470,1481,1463,1471.25,1462.554932,1257628
12-03-2021,1480,1507.800049,1478.5,1482.5,1473.738403,2631081
15-03-2021,1496.900024,1496.900024,1471,1492.199951,1483.380981,1482287
16-03-2021,1505,1531,1496.900024,1500.949951,1492.079346,3191850
17-03-2021,1494.25,1499.550049,1470.050049,1472.550049,1463.84729,1195023
18-03-2021,1485.599976,1492.900024,1463,1468.199951,1459.522827,1242978
19-03-2021,1450,1470.849976,1432.050049,1465.449951,1456.789185,2360672
22-03-2021,1465,1468.650024,1448,1460.300049,1451.669678,1331121
23-03-2021,1460.300049,1514.800049,1454,1495.349976,1486.512451,2534795
24-03-2021,1486,1508.800049,1476.449951,1488.150024,1479.355103,1871092
25-03-2021,1484.099976,1498.5,1447.75,1450.849976,1442.275391,1609996
26-03-2021,1459.900024,1512.400024,1457,1505.849976,1496.950439,1922278
30-03-2021,1510,1563,1510,1552.199951,1543.026367,3466042
31-03-2021,1549.900024,1567.400024,1536.75,1558.050049,1548.841919,1431746
01-04-2021,1560,1593.300049,1551.550049,1559.349976,1550.134155,1343989
05-04-2021,1541.099976,1559,1500,1535,1525.928101,1376233
06-04-2021,1529.5,1548,1509,1525.5,1516.484375,1400544
07-04-2021,1522.099976,1561.449951,1508,1514.099976,1505.151611,2592185
08-04-2021,1529.25,1579,1525.5,1571.300049,1562.013672,2085919
09-04-2021,1569.900024,1618,1561.300049,1592,1582.591309,3569146
12-04-2021,1571,1572.650024,1502.25,1510.449951,1501.523193,1889829
13-04-2021,1528.599976,1553.300049,1516.650024,1530.599976,1521.554199,1880575
15-04-2021,1545,1554.5,1515.550049,1538.550049,1529.457275,1313429
16-04-2021,1529.800049,1559.800049,1529.800049,1549.050049,1539.895142,1501276
19-04-2021,1525,1532.449951,1500.099976,1518.699951,1509.724487,1439975
20-04-2021,1524.199951,1560,1510,1522.900024,1513.89978,1789104
22-04-2021,1530,1530,1473.150024,1480.849976,1472.098145,2200432
23-04-2021,1478,1496.900024,1451.599976,1461.449951,1452.812744,1726070
26-04-2021,1470,1489.75,1465.150024,1479.849976,1471.104126,1020499
27-04-2021,1485,1503.550049,1482,1495.099976,1486.263916,1145908
28-04-2021,1505,1514.900024,1491.699951,1508.849976,1499.932617,1037771
29-04-2021,1524,1527.5,1497,1506.800049,1497.894775,1927546
30-04-2021,1500,1516.550049,1471,1491.650024,1482.834351,3691399
03-05-2021,1477,1477,1421,1423.949951,1415.534302,3945733
04-05-2021,1434,1434,1400.050049,1402.900024,1394.608887,3194977
05-05-2021,1406,1431.900024,1403.400024,1428.400024,1419.95813,1819256
06-05-2021,1435.800049,1448.449951,1431,1444.400024,1435.863647,1464006
07-05-2021,1449,1459.25,1439.900024,1446.5,1437.951172,1190019
10-05-2021,1454.400024,1469.75,1445,1455.150024,1446.550049,1322561
11-05-2021,1439.099976,1457.949951,1432,1435.25,1426.7677,1582827
12-05-2021,1431,1460,1425.849976,1454.949951,1446.351196,1358169
14-05-2021,1469,1477.800049,1433,1455.849976,1447.24585,1876873
17-05-2021,1462,1470.800049,1438,1468.300049,1459.622437,2218758
18-05-2021,1480,1547.099976,1476.25,1539.25,1530.153076,3075596
19-05-2021,1522.25,1553.900024,1516.800049,1521.150024,1512.160034,1504440
20-05-2021,1523,1566.25,1522.5,1531.349976,1522.299683,3032029
21-05-2021,1552.199951,1552.849976,1533.550049,1538.349976,1529.258301,1158893
24-05-2021,1532.150024,1535,1505.449951,1520.75,1511.762451,1126532
25-05-2021,1536,1574.900024,1535,1569.150024,1559.876343,2530758
26-05-2021,1580,1614,1576.650024,1582.949951,1573.594727,3839248
27-05-2021,1590.699951,1606.949951,1567.349976,1594.25,1584.828003,2810155
28-05-2021,1595,1612.25,1570.550049,1577,1567.679932,1028675
31-05-2021,1570.650024,1608.25,1569,1596.25,1586.816162,1525715
01-06-2021,1608,1612,1589.300049,1591.400024,1581.994873,1111933
02-06-2021,1581,1596.75,1564.199951,1585.699951,1576.328369,1859258
03-06-2021,1601,1702.300049,1588.550049,1691.199951,1681.204956,7221910
04-06-2021,1713.800049,1713.800049,1665.5,1679.5,1669.574097,2952017
07-06-2021,1685.849976,1713.849976,1676,1685.099976,1675.141113,1471576
08-06-2021,1686,1726,1674.199951,1712.5,1702.379028,1743285
09-06-2021,1714.949951,1739.900024,1696.150024,1730.75,1720.52124,2551140
10-06-2021,1741.400024,1745.849976,1722.199951,1738.650024,1728.374634,1850763
11-06-2021,1736.550049,1743,1724.550049,1728.449951,1718.234863,761647
14-06-2021,1728.449951,1740,1713,1734.800049,1724.547363,887780
15-06-2021,1748,1748.949951,1719.599976,1723.400024,1713.214722,868275
16-06-2021,1724,1729,1706.5,1714.949951,1704.814575,1116772
17-06-2021,1706,1722,1701.400024,1711.400024,1701.285645,546515
18-06-2021,1700.099976,1725,1686,1711.300049,1701.186279,2018319
21-06-2021,1699,1747.550049,1690.75,1742.849976,1732.549683,925811
22-06-2021,1750.099976,1770.800049,1748,1757,1746.616089,2083172
23-06-2021,1757,1786,1755.050049,1782.550049,1772.015137,1608518
24-06-2021,1785,1792.949951,1767.599976,1780.849976,1770.325073,1271298
25-06-2021,1785,1792,1742,1753.849976,1743.484741,1378327
28-06-2021,1768.5,1768.5,1719.75,1728.050049,1717.83728,1339433
29-06-2021,1735.800049,1746,1721.25,1731.599976,1721.366211,1236704
30-06-2021,1738,1755.349976,1728.150024,1732.5,1722.260864,803926
01-07-2021,1729,1746.400024,1725.75,1740.300049,1730.014771,567971
02-07-2021,1755,1767.849976,1740.199951,1754.75,1744.379395,1259675
05-07-2021,1760,1762.900024,1743,1749.900024,1739.558105,632904
06-07-2021,1750,1774,1746.050049,1762.800049,1752.381836,960973
07-07-2021,1762.800049,1783.400024,1718,1727.25,1717.04187,2188364
08-07-2021,1730,1746,1721.25,1726.349976,1716.147217,1167637
09-07-2021,1724,1739.949951,1718,1720.599976,1710.431274,831213
12-07-2021,1730,1739.199951,1711.900024,1719.849976,1709.685547,792602
13-07-2021,1730,1735,1717.449951,1724.25,1714.059692,797913
14-07-2021,1726,1728.599976,1705,1710.349976,1700.241821,891780
15-07-2021,1705.5,1716.75,1694.5,1701.550049,1691.493896,943422
16-07-2021,1706.900024,1710,1688.650024,1695.349976,1685.330444,907734
19-07-2021,1694.349976,1709.25,1674.900024,1680.349976,1670.419067,831260
20-07-2021,1680.349976,1691.449951,1662.5,1671.400024,1661.521973,819793
22-07-2021,1695,1714.650024,1682.199951,1701.75,1695.750854,1146821
23-07-2021,1714.650024,1725.949951,1697,1700.949951,1694.953613,1053239
26-07-2021,1700.900024,1736.849976,1700,1722.849976,1716.776489,1435514
27-07-2021,1733,1742.400024,1713.349976,1729.050049,1722.954712,1075244
28-07-2021,1730,1749.199951,1715.599976,1723.550049,1717.474121,1714957
29-07-2021,1739,1756.300049,1727.800049,1739.150024,1733.019043,1346162
30-07-2021,1742,1747.900024,1711.199951,1714.550049,1708.505859,1199644
02-08-2021,1728,1776,1725,1771.550049,1765.304932,1718511
03-08-2021,1780,1854.949951,1777.150024,1840.199951,1833.712769,5956344
04-08-2021,1857.199951,1858.650024,1795,1799.599976,1793.255981,2040687
05-08-2021,1820.050049,1821.199951,1763.199951,1799.300049,1792.957031,2301814
06-08-2021,1796,1796.349976,1778,1787.75,1781.447754,877876
09-08-2021,1787.75,1831.599976,1777.75,1799.150024,1792.807617,1770502
10-08-2021,1810,1822,1793.349976,1799.199951,1792.8573,862746
11-08-2021,1805,1815,1773.550049,1789.400024,1783.091919,748179
12-08-2021,1798,1829.599976,1781,1823.599976,1817.171265,889082
13-08-2021,1830,1841,1818.75,1837.900024,1831.420898,1194666
16-08-2021,1828,1847.050049,1817,1837.199951,1830.723389,461655
17-08-2021,1840,1878.349976,1828.650024,1874.449951,1867.842041,1917077
18-08-2021,1887.800049,1890.650024,1860,1880.300049,1873.671509,1029077
20-08-2021,1859.400024,1892.300049,1857.949951,1876.800049,1870.183838,1070166
23-08-2021,1889,1895,1847.849976,1870.349976,1863.75647,1092285
24-08-2021,1883,1887.300049,1852.599976,1869.599976,1863.009155,1003905
25-08-2021,1860,1869.699951,1820,1822.650024,1816.224731,1280400
26-08-2021,1822.650024,1834.599976,1805.25,1815.349976,1808.950439,1059290
27-08-2021,1824,1830,1797,1822.550049,1816.125122,1020589
30-08-2021,1835,1886.949951,1831.800049,1878.449951,1871.827881,1670309
31-08-2021,1878.449951,1925,1875.550049,1921.599976,1914.825806,1816071
01-09-2021,1925.199951,1953.949951,1915,1939.400024,1932.56311,1247432
02-09-2021,1958.5,1979.5,1946.849976,1967.099976,1960.165405,1167157
03-09-2021,1970.099976,2024.400024,1970.099976,2019.300049,2012.181519,1548784
06-09-2021,2025,2032.849976,2006.150024,2020.650024,2013.526733,679133
07-09-2021,2014,2039.900024,2012.699951,2033.900024,2026.72998,773091
08-09-2021,2033.949951,2067,2015.050049,2055.949951,2048.702148,796813
09-09-2021,2052,2060,2021.050049,2034.300049,2027.128662,653397
13-09-2021,2037,2043.449951,2021.150024,2030.650024,2023.491455,786459
14-09-2021,2038.900024,2061.5,2032.050049,2055.699951,2048.453125,888765
15-09-2021,2060,2133,2060,2119.850098,2112.377197,2795995
16-09-2021,2132.949951,2132.949951,2095.050049,2108.699951,2101.266357,725123
17-09-2021,2113.949951,2150,2080,2095.600098,2088.212646,1727410
20-09-2021,2088,2096,2070.550049,2077.350098,2070.026855,411738
21-09-2021,2075,2097.5,2062.100098,2085.850098,2078.496826,539788
22-09-2021,2096.800049,2110.949951,2073.399902,2081.050049,2073.713867,1057480
23-09-2021,2090,2113.75,2076.600098,2105.050049,2097.62915,711634
24-09-2021,2105,2115,2085,2092.899902,2085.521973,540771
27-09-2021,2099,2107.350098,2077.199951,2090.25,2082.881348,507550
28-09-2021,2083.199951,2138,2083.050049,2129.300049,2121.793701,923489
29-09-2021,2129,2167.899902,2110.050049,2147.5,2139.929443,912912
30-09-2021,2149.899902,2185,2136.300049,2161.850098,2154.229004,1374265
01-10-2021,2157,2175,2122.649902,2163.75,2156.122314,626710
04-10-2021,2160,2174.300049,2138,2155.300049,2147.702148,870878
05-10-2021,2155.300049,2206.649902,2130,2192.649902,2184.920166,1329784
06-10-2021,2194,2204.699951,2135.100098,2147.649902,2140.078857,895210
07-10-2021,2255,2384.25,2250,2375.350098,2366.976318,8361061
08-10-2021,2420,2420,2353,2358.199951,2349.886719,1845797
11-10-2021,2377,2406.100098,2357.550049,2362.399902,2354.071777,1056932
12-10-2021,2365,2507.800049,2342.649902,2492.600098,2483.812988,3517011
13-10-2021,2539.899902,2608.949951,2490,2537.199951,2528.255615,4023645
14-10-2021,2575.300049,2584,2532.350098,2564.050049,2555.01123,1546459
18-10-2021,2620,2677.899902,2575.5,2588.800049,2579.673828,2572741
19-10-2021,2638,2638,2468.75,2484.899902,2476.139893,3546129
20-10-2021,2487.100098,2505.550049,2403,2411.399902,2402.89917,2868983
21-10-2021,2433.899902,2435.949951,2380.050049,2395.699951,2387.254395,2303014
22-10-2021,2417.399902,2494.949951,2398,2412,2403.49707,3063724
25-10-2021,2405,2412,2340,2379.149902,2370.762695,1446182
26-10-2021,2390,2468.449951,2371,2454.75,2446.096436,2567357
27-10-2021,2468,2482.350098,2452.199951,2460.100098,2451.42749,2082690
28-10-2021,2470,2470,2360,2375.149902,2366.776855,3330380
29-10-2021,2400,2404,2346.550049,2383.550049,2375.147461,1450019
01-11-2021,2441.449951,2441.449951,2390.350098,2406.300049,2397.817139,1276469
02-11-2021,2422.800049,2464.800049,2421.050049,2453.949951,2445.299072,1546219
03-11-2021,2462,2471.649902,2406.050049,2417.949951,2409.426025,1554405
04-11-2021,2439,2444.800049,2422,2431.75,2423.17749,181506
08-11-2021,2477.899902,2548.699951,2448.300049,2536.75,2527.807373,3449086
09-11-2021,2528.949951,2543.800049,2491.149902,2512.100098,2503.244385,1097405
10-11-2021,2505,2526.850098,2472.199951,2484.600098,2475.841309,911235
11-11-2021,2484,2542.800049,2476.300049,2528.100098,2519.187988,1726010
12-11-2021,2547.850098,2561.75,2523,2539.5,2530.547607,1673817
15-11-2021,2551,2572.699951,2531.699951,2539.399902,2530.447754,846885
16-11-2021,2550.100098,2551.350098,2520.149902,2531.75,2522.824951,1133767
17-11-2021,2522.899902,2539,2491.100098,2499.350098,2490.539307,892518
18-11-2021,2492,2520,2456.5,2478.199951,2469.463623,739912
22-11-2021,2492.399902,2492.399902,2353,2391.300049,2382.870117,1361329
23-11-2021,2380,2410.949951,2365.050049,2387.699951,2379.282715,1247942
24-11-2021,2400,2405.25,2365,2375.850098,2367.474609,614145
25-11-2021,2360,2403.199951,2355.149902,2397.800049,2389.347168,662071
26-11-2021,2377.800049,2385.100098,2285.050049,2292.300049,2284.218994,1289322
29-11-2021,2290,2334.399902,2231.399902,2324.199951,2316.006592,1094276
30-11-2021,2336.399902,2390,2336.399902,2375.5,2367.125732,2675375
01-12-2021,2409.800049,2441.949951,2347.399902,2360.199951,2351.879639,2177426
02-12-2021,2369,2422.5,2360.050049,2386.5,2378.086914,1682636
03-12-2021,2405,2405.449951,2355.050049,2369.25,2360.897705,1062389
06-12-2021,2361.350098,2379.850098,2318.399902,2325.300049,2317.102783,547641
07-12-2021,2336.5,2385.850098,2325.350098,2380.550049,2372.157959,904175
08-12-2021,2385,2418,2377.100098,2405.550049,2397.069824,926476
09-12-2021,2424,2424,2355.850098,2373.149902,2364.783936,1250492
10-12-2021,2385.399902,2385.399902,2296.300049,2339.350098,2331.103271,2288164
13-12-2021,2352.600098,2386,2340.100098,2350.5,2342.213867,992852
14-12-2021,2342.699951,2371.25,2318.75,2354.850098,2346.548584,765269
15-12-2021,2355.100098,2368.25,2317.449951,2323.149902,2314.960205,567271
16-12-2021,2344.100098,2364.800049,2325.25,2357.25,2348.940186,998086
17-12-2021,2336,2339.300049,2257.100098,2280.399902,2272.36084,1591893
20-12-2021,2259.699951,2263.149902,2205,2239.350098,2231.455811,1063366
21-12-2021,2251.300049,2310,2251.300049,2287.649902,2279.585449,883858
22-12-2021,2306.300049,2308.100098,2282.350098,2299.75,2291.642822,643034
23-12-2021,2320,2337.550049,2310,2329.899902,2321.686523,613686
24-12-2021,2340.100098,2341.899902,2310,2319.449951,2311.273193,534065
27-12-2021,2306.149902,2344,2286.300049,2331.300049,2323.081543,537545
28-12-2021,2340.100098,2384.949951,2327.5,2379.850098,2371.460449,871453
29-12-2021,2379,2416.449951,2370.350098,2402.149902,2393.681641,764644
30-12-2021,2393.800049,2448,2390.699951,2437.300049,2428.708008,1152684
31-12-2021,2447.300049,2535,2444.600098,2522.399902,2513.507813,2225749
03-01-2022,2510,2546,2502.300049,2523.850098,2514.952881,921729
04-01-2022,2525,2594.949951,2524.399902,2583,2573.894287,1037293
05-01-2022,2576,2608,2560.100098,2576.149902,2567.068359,1244568
06-01-2022,2540,2601.350098,2538.449951,2595.899902,2586.748779,1130508
07-01-2022,2630,2687.25,2562.350098,2572.699951,2563.630615,4625230
10-01-2022,2585,2663.550049,2571,2657.5,2648.131592,1894316
11-01-2022,2650,2678.75,2634.300049,2653.350098,2643.996338,1123968
12-01-2022,2641,2672,2608,2612.949951,2603.738525,1293999
13-01-2022,2611,2628.899902,2588,2619.25,2610.016357,1023670
14-01-2022,2626,2639,2588.850098,2592.75,2583.609863,1166457
17-01-2022,2592.75,2604.300049,2550.399902,2597.550049,2588.393066,1172956
18-01-2022,2598,2635,2587,2600.600098,2591.432373,1221314
19-01-2022,2598,2617.800049,2571.100098,2588.899902,2579.773438,629040
20-01-2022,2597,2610,2550,2564.300049,2555.260254,1215237
21-01-2022,2548,2561.899902,2505,2528.149902,2519.237549,1457884
24-01-2022,2520,2522.550049,2376,2403.050049,2394.578613,1411443
25-01-2022,2386,2407.75,2330.399902,2376.5,2368.122314,2849686
27-01-2022,2327,2360.399902,2260,2310.050049,2301.906494,2460051
28-01-2022,2313,2377.800049,2308,2315.600098,2307.437012,1317407
31-01-2022,2353,2380,2336.350098,2360.300049,2351.979492,900510
01-02-2022,2378.800049,2442.100098,2358.949951,2431.800049,2423.227295,1246431
02-02-2022,2451,2477.899902,2441.75,2464,2455.313721,1144427
03-02-2022,2480.5,2506.550049,2417,2474.949951,2466.225098,3883564
04-02-2022,2510,2520,2430,2471.149902,2462.438477,2718069
07-02-2022,2480,2498.149902,2388,2409.199951,2400.706787,1119632
08-02-2022,2418.399902,2465,2400.899902,2443.649902,2435.0354,1524580
09-02-2022,2465,2495,2456.050049,2484.800049,2476.040527,826261
10-02-2022,2499.949951,2503.949951,2465.550049,2491.850098,2483.065674,788689
11-02-2022,2480,2480,2421.25,2442.25,2433.640381,1030760
14-02-2022,2380,2423,2351.25,2398,2389.546387,816491
15-02-2022,2421.949951,2499.800049,2399,2495.899902,2487.101318,1293933
16-02-2022,2510,2519.899902,2460.25,2488.050049,2479.279053,1008929
17-02-2022,2509.5,2537.5,2487,2493.199951,2484.410889,960885
18-02-2022,2479.300049,2499.5,2460.800049,2488.949951,2480.175781,654373
21-02-2022,2488,2488,2411.050049,2454.350098,2445.697998,788568
22-02-2022,2377,2457,2377,2450.100098,2441.462891,874150
23-02-2022,2452,2525,2452,2495.699951,2486.901855,2096198
24-02-2022,2402,2466,2395,2406.600098,2398.116211,1875086
25-02-2022,2423.5,2474,2423.5,2468.449951,2459.748047,1284338
28-02-2022,2430,2563.649902,2430,2546.550049,2537.572754,2355891
02-03-2022,2550,2604.800049,2524.350098,2592.649902,2583.510254,3536974
03-03-2022,2620,2639.800049,2560,2574.25,2565.175049,2153478
04-03-2022,2565,2565,2430,2441,2432.394775,2652474
07-03-2022,2414.800049,2419.949951,2330,2389.699951,2381.275635,1545686
08-03-2022,2400,2419.5,2325.600098,2371.25,2362.890625,1467595
09-03-2022,2393,2460.5,2375,2433.649902,2425.070557,1581979
10-03-2022,2498,2504.75,2444.850098,2467.800049,2459.100342,1051744
11-03-2022,2478,2498.199951,2448.850098,2493.600098,2484.80957,812330
14-03-2022,2490,2545,2475,2539,2530.049316,1004492
15-03-2022,2559,2579,2543.199951,2556.949951,2547.936035,1571483
16-03-2022,2577.800049,2593.5,2566,2587.300049,2578.179199,757197
17-03-2022,2600.100098,2721.649902,2600.100098,2703,2693.471191,3336088
21-03-2022,2740,2768,2700,2707.25,2697.706299,1889261
22-03-2022,2716.25,2718.800049,2646.449951,2712.75,2703.186768,1279904
23-03-2022,2730,2742.949951,2677.850098,2690,2680.51709,1281815
24-03-2022,2694,2694,2612.550049,2618.5,2609.269043,1835380
25-03-2022,2631,2634,2518,2523.899902,2515.002441,2863040
28-03-2022,2536.5,2545.550049,2483,2535.899902,2526.960205,1316800
29-03-2022,2550,2559,2525.300049,2538.800049,2529.850098,908172
30-03-2022,2556.300049,2565.75,2510,2523.149902,2514.255127,866666
31-03-2022,2525.25,2545.399902,2519.949951,2536.149902,2527.209229,910316
01-04-2022,2538,2550,2491.850098,2520.850098,2511.963379,1208002
04-04-2022,2540.350098,2562,2508.75,2517,2508.126953,1424995
05-04-2022,2532,2577.800049,2520.050049,2549.199951,2540.213379,1586304
06-04-2022,2547,2564.899902,2523.300049,2540.050049,2531.095703,1349078
07-04-2022,2502.300049,2544.449951,2452,2458.350098,2449.683838,2785215
08-04-2022,2468.350098,2532.649902,2465,2509.949951,2501.101807,1217812
11-04-2022,2503,2509.949951,2477.399902,2489.850098,2481.072754,660112
12-04-2022,2480,2508.5,2440.25,2488.199951,2479.428467,1182427
13-04-2022,2492.199951,2495.949951,2441.100098,2461.350098,2452.673096,1165453
18-04-2022,2435,2500,2410,2493.449951,2484.659912,1109814
19-04-2022,2509.399902,2520.600098,2441,2452.600098,2443.954102,929834
20-04-2022,2453.050049,2505,2442.699951,2482.699951,2473.947754,639190
21-04-2022,2482.699951,2524.949951,2466,2521,2512.112793,880723
22-04-2022,2515,2526.449951,2476.5,2512.699951,2503.842041,878780
25-04-2022,2471,2489,2447.050049,2453.899902,2445.249268,682383
26-04-2022,2460,2552.149902,2459,2548.199951,2539.216797,1232557
27-04-2022,2528.649902,2537.800049,2488.25,2492.350098,2483.563965,801135
28-04-2022,2529.899902,2531,2477,2513.199951,2504.340332,933881
29-04-2022,2521,2532,2450,2458.199951,2449.53418,1496781
02-05-2022,2435,2437,2372.350098,2386.550049,2378.136963,1287401
04-05-2022,2356,2407,2275,2289.949951,2281.877197,2357806
05-05-2022,2309,2309,2252.149902,2262,2254.025879,2118580
06-05-2022,2240,2240,2195.449951,2208.75,2200.963623,1465638
09-05-2022,2195,2213.350098,2171,2183.199951,2175.503662,968069
10-05-2022,2180,2186,2125,2137.350098,2129.81543,1092429
11-05-2022,2127.199951,2138,2095.75,2114.699951,2107.245117,1472911
12-05-2022,2102,2103.899902,2035.550049,2048.550049,2041.328369,1362031
13-05-2022,2056.149902,2154,2056.149902,2091.699951,2084.326172,2580348
16-05-2022,2118,2152,2096.699951,2109.600098,2102.16333,1370151
17-05-2022,2145,2185,2111,2176.350098,2168.677979,1256142
18-05-2022,2187,2194.300049,2161,2166.75,2159.111572,1188772
19-05-2022,2125,2156.100098,2055.100098,2111.949951,2104.504883,981115
20-05-2022,2139.899902,2155.550049,2129.199951,2137.050049,2129.516357,1017542
23-05-2022,2160,2200,2138,2151.300049,2143.716064,1346294
24-05-2022,2151.649902,2165,2121.350098,2140.25,2132.705078,1150314
25-05-2022,2160,2181,2106,2113.399902,2105.949707,1125068
26-05-2022,2132,2150.850098,2075.5,2141.949951,2134.398926,1382368
27-05-2022,2155,2159.949951,2123.399902,2149.199951,2141.623535,865917
30-05-2022,2164,2260,2164,2255.899902,2247.947266,1691435
31-05-2022,2254.899902,2300,2176.600098,2216,2208.187988,7005071
01-06-2022,2255,2304.899902,2180,2197.600098,2189.853027,2126105
02-06-2022,2176.600098,2225.350098,2176.600098,2220.949951,2213.120605,966727
03-06-2022,2231.649902,2244.949951,2197.75,2204.399902,2196.628906,1228695
06-06-2022,2204.399902,2208.949951,2165.949951,2198.550049,2190.799561,1285097
07-06-2022,2173.550049,2179.449951,2088,2100.800049,2093.394287,3255286
08-06-2022,2106.050049,2133,2096.550049,2128.850098,2121.345459,1775344
09-06-2022,2106,2154,2103,2139.699951,2132.156982,1035771
10-06-2022,2108,2166,2108,2142.25,2134.697998,927889
13-06-2022,2108,2124.449951,2076.199951,2102.399902,2094.988281,928411
14-06-2022,2100,2116.899902,2072.649902,2102,2094.589844,893733
15-06-2022,2104,2127.5,2090,2105.050049,2097.62915,783714
16-06-2022,2126.399902,2145,2042.050049,2060.949951,2053.68457,1265289
17-06-2022,2041,2051.649902,1910.550049,1936.449951,1929.623413,6066708
20-06-2022,1938,1973.449951,1905.449951,1961.699951,1954.784424,1967950
21-06-2022,1979.900024,2093.75,1966.5,2078.100098,2070.77417,3289922
22-06-2022,2070,2070.949951,2007,2031.199951,2024.039429,1507811
23-06-2022,2040,2047.800049,1997.150024,2041.400024,2034.203613,1632845
24-06-2022,2053.550049,2076.399902,2033.949951,2045.599976,2038.388672,854618
27-06-2022,2082,2083.649902,2025,2040.300049,2033.107422,1067849
28-06-2022,2020,2022,1960,1968.050049,1961.112183,3397585
29-06-2022,1950,1954.300049,1923,1936.150024,1929.324585,2375427
30-06-2022,1950,1965.75,1926,1941.25,1934.406616,2489709
01-07-2022,1895,1954.349976,1825.050049,1946.199951,1939.339111,4064801
04-07-2022,1954,1966.599976,1928,1962.5,1955.581665,1023678
05-07-2022,1967,1989.099976,1940.550049,1954.25,1947.360718,1555345
06-07-2022,1958,2025.5,1941.349976,2013.550049,2006.451782,1952701
07-07-2022,2130,2171.600098,2102.550049,2127.5,2120,5915740
08-07-2022,2140,2154,2110.5,2144.350098,2144.350098,2039331
11-07-2022,2153,2173.850098,2126.600098,2163.600098,2163.600098,1219508
12-07-2022,2132,2142,2114.449951,2130,2130,1096542
13-07-2022,2130,2141.800049,2107.449951,2111.399902,2111.399902,1169721
14-07-2022,2132,2140,2113,2127.449951,2127.449951,767221
15-07-2022,2135,2193.149902,2132.199951,2189.699951,2189.699951,1742573
18-07-2022,2196,2247.300049,2194.050049,2237.449951,2237.449951,2016386
19-07-2022,2232.5,2253,2216.699951,2241.199951,2241.199951,867223
20-07-2022,2280,2298,2261.100098,2271.199951,2271.199951,1620332
21-07-2022,2285,2298,2264,2288.600098,2288.600098,1117118
22-07-2022,2299,2329.949951,2283.100098,2325,2325,1185176
25-07-2022,2339.300049,2348.800049,2313,2328.850098,2328.850098,1248393
26-07-2022,2334.949951,2334.949951,2286.550049,2293.199951,2293.199951,1142159
27-07-2022,2285.100098,2311,2266.550049,2303.550049,2303.550049,1456382
28-07-2022,2321,2341.5,2305.050049,2334.649902,2334.649902,1126799
29-07-2022,2355,2392.5,2339.050049,2352.050049,2352.050049,1239445
01-08-2022,2364.800049,2381.050049,2339,2376.25,2376.25,581266
02-08-2022,2370,2397.800049,2357.050049,2384.949951,2384.949951,777687
03-08-2022,2395,2425.899902,2355,2416.399902,2416.399902,1207016
04-08-2022,2429.949951,2430.449951,2370.949951,2423.649902,2423.649902,1015590
05-08-2022,2425.199951,2472.399902,2417.350098,2432.800049,2432.800049,2443597
08-08-2022,2460,2474.699951,2433.149902,2446.949951,2446.949951,1576547
10-08-2022,2469.899902,2469.899902,2417.100098,2433.600098,2433.600098,1065998
11-08-2022,2446.199951,2486,2446.199951,2472.350098,2472.350098,1127878
12-08-2022,2472,2493,2461.899902,2471.949951,2471.949951,761420
16-08-2022,2461.100098,2499.5,2435,2493.850098,2493.850098,1035928
17-08-2022,2495,2523.149902,2480.649902,2492.199951,2492.199951,863500
18-08-2022,2492.199951,2503.899902,2467.300049,2478.699951,2478.699951,827663
19-08-2022,2498.949951,2498.949951,2430.899902,2440.600098,2440.600098,751505
22-08-2022,2440,2458,2408,2417.600098,2417.600098,947292
23-08-2022,2407,2501.949951,2400,2480.199951,2480.199951,1417877
24-08-2022,2495,2495,2441.050049,2460.699951,2460.699951,672569
25-08-2022,2473,2501.600098,2456.699951,2466.449951,2466.449951,732577
26-08-2022,2483.050049,2556,2481.550049,2532.899902,2532.899902,2398253
29-08-2022,2457.25,2540.899902,2457.25,2531.699951,2531.699951,1149676
30-08-2022,2545,2623.100098,2543,2604.649902,2604.649902,1794736
01-09-2022,2592.949951,2647.149902,2565.649902,2622,2622,1438313
02-09-2022,2631,2645,2607.050049,2612.600098,2612.600098,800453
05-09-2022,2625,2640,2610.850098,2627.350098,2627.350098,733481
06-09-2022,2631.699951,2646.899902,2611,2631.649902,2631.649902,680071
07-09-2022,2607,2641.399902,2600.399902,2637.75,2637.75,438635
08-09-2022,2649,2659.899902,2616,2626.699951,2626.699951,754150
09-09-2022,2652,2652.149902,2593,2603.449951,2603.449951,777186
12-09-2022,2616.800049,2669.699951,2610,2661.149902,2661.149902,808360
13-09-2022,2680,2723,2672,2705.550049,2705.550049,1536444
14-09-2022,2645,2712,2645,2700.600098,2700.600098,915281
15-09-2022,2714.149902,2717,2648,2656.149902,2656.149902,753648
16-09-2022,2648,2677.649902,2604.25,2611.800049,2611.800049,1425731
19-09-2022,2611.75,2632,2552.550049,2619.800049,2619.800049,808421
20-09-2022,2642.199951,2693.550049,2635.100098,2684,2684,844553
21-09-2022,2688,2700,2656.649902,2666.649902,2666.649902,1052572
22-09-2022,2660,2744.949951,2650,2737.600098,2737.600098,1352472
23-09-2022,2737.600098,2755.699951,2667,2672.449951,2672.449951,1226889
26-09-2022,2666,2677.949951,2563.550049,2655.5,2655.5,1371409
27-09-2022,2669.949951,2679.550049,2585.550049,2600.350098,2600.350098,1246270
28-09-2022,2587.5,2634.5,2564.5,2576.949951,2576.949951,1419969
29-09-2022,2594.850098,2606.050049,2517.350098,2531.5,2531.5,1177076
30-09-2022,2538,2637.399902,2522.600098,2606.949951,2606.949951,1453944
03-10-2022,2625,2625,2555.600098,2574.199951,2574.199951,1049142
04-10-2022,2629,2629,2571.649902,2585.100098,2585.100098,1291070
06-10-2022,2598.050049,2620,2581.600098,2592.850098,2592.850098,1409852
07-10-2022,2690,2745,2675,2730.5,2730.5,5284814
10-10-2022,2710,2727.899902,2658,2680.100098,2680.100098,1290447
11-10-2022,2693,2694,2616.399902,2624.5,2624.5,1067626
12-10-2022,2630,2644.899902,2606,2621.350098,2621.350098,1131702
13-10-2022,2610,2628,2591,2598.649902,2598.649902,1038687
14-10-2022,2640,2663.600098,2607.75,2617.800049,2617.800049,1326916
17-10-2022,2613.899902,2634.899902,2602.550049,2625,2625,1111199
18-10-2022,2638.149902,2664.699951,2623.149902,2641.100098,2641.100098,771852
19-10-2022,2654.350098,2677,2640,2644.550049,2644.550049,1001916
20-10-2022,2640,2644,2581.350098,2631.5,2631.5,1022636
21-10-2022,2650,2679.649902,2640.050049,2665.649902,2665.649902,986521
24-10-2022,2697,2699.899902,2679.149902,2683.899902,2683.899902,184595
25-10-2022,2697.350098,2697.350098,2662,2670.300049,2670.300049,505759
27-10-2022,2700,2765,2680,2703.800049,2703.800049,2117791
28-10-2022,2708.949951,2738.899902,2693.25,2736.399902,2736.399902,1003160
31-10-2022,2750,2791,2738.25,2761.5,2761.5,1144647
01-11-2022,2770.149902,2784,2741,2754.949951,2754.949951,890107
02-11-2022,2745,2747.350098,2703,2728.449951,2728.449951,1704942
03-11-2022,2705,2779,2705,2763.649902,2763.649902,1227960
04-11-2022,2774.899902,2781.449951,2746.600098,2769.699951,2769.699951,1172058
07-11-2022,2772,2772,2706.300049,2741.550049,2741.550049,1825529
09-11-2022,2769,2769,2710,2718.100098,2718.100098,1184702
10-11-2022,2710,2711.100098,2628,2641,2641,1198585
11-11-2022,2671,2694.399902,2641.550049,2651.800049,2651.800049,833729
14-11-2022,2658,2665,2623.199951,2629.800049,2629.800049,565428
15-11-2022,2642.949951,2669.149902,2621.050049,2656.649902,2656.649902,1033296
16-11-2022,2659,2678.199951,2630,2644.300049,2644.300049,835064
17-11-2022,2638,2645,2576,2582,2582,1265647
18-11-2022,2580,2583.399902,2545,2565.800049,2565.800049,1038751
21-11-2022,2552,2578.949951,2539.649902,2573.350098,2573.350098,629040
22-11-2022,2580,2609,2561,2606.199951,2606.199951,912070
23-11-2022,2614.949951,2632.5,2590.800049,2601.75,2601.75,992873
24-11-2022,2611,2618.300049,2592.5,2610.199951,2610.199951,752066
25-11-2022,2620,2620,2586,2595.399902,2595.399902,633047
28-11-2022,2584.399902,2608.5,2579,2592.25,2592.25,665149
29-11-2022,2597.149902,2640,2595.050049,2613.75,2613.75,866621
30-11-2022,2613.75,2665,2604.199951,2653,2653,1569918
01-12-2022,2662,2665,2630,2638.699951,2638.699951,539844
02-12-2022,2648,2651.399902,2605,2617.899902,2617.899902,731396
05-12-2022,2629,2629.949951,2589.25,2615.649902,2615.649902,747114
